logical_path,sources,sha256,size_bytes,format,duration_seconds,manifest,product_usage,selection
public/audio/a1/bilan/annonce-gare-complete.m4a,external-francais-b1-audio-humanisation;external-francais-b1-diagnostic-progress;external-francais-b1-final-launch;external-francais-b1-launch-polish;external-francais-b1-positioning;external-francais-b1-release-candidate;external-francais-b1-v1-polish;internal-francais-b1-a1-audio2;internal-francais-b1-integration-a1a2b1;internal-francais-b1-positioning;internal-francais-b1-product-integration;internal-francais-b1-v1-polish;main,40c9053f69f59684cf78c8942d19d6fbe1f289abfb6cce727902b00a0699912a,151889,m4a,20.785,lib/pedagogy/audio/a1/manifest.ts,referenced,selected-final-launch
public/audio/a1/bilan/conversation-nouvelle-vie.m4a,internal-francais-b1-a1-audio,6c1f4a8909c559fd3bd3a4c2f9f24e55f405fa862747df309abd5172b4d389dc,229656,m4a,55.517,lib/pedagogy/audio/a1/manifest.ts,referenced,retained-in-recovery-only
public/audio/a1/bilan/conversation-nouvelle-vie.m4a,external-francais-b1-audio-humanisation;external-francais-b1-diagnostic-progress;external-francais-b1-final-launch;external-francais-b1-launch-polish;external-francais-b1-positioning;external-francais-b1-release-candidate;external-francais-b1-v1-polish;internal-francais-b1-a1-audio2;internal-francais-b1-integration-a1a2b1;internal-francais-b1-positioning;internal-francais-b1-product-integration;internal-francais-b1-v1-polish;main,b2f108d3e70c6415162e7c6fd460f211885d9001d257309ca923a14be9ddf277,229656,m4a,55.517,lib/pedagogy/audio/a1/manifest.ts,referenced,selected-final-launch
public/audio/a1/bilan/dialogue-agence-voyage.m4a,internal-francais-b1-a1-audio,2d04b9f38440248b389288e5f5293ed28a24d31f1e86371cd92cddf8f175b730,171637,m4a,41.068,lib/pedagogy/audio/a1/manifest.ts,referenced,retained-in-recovery-only
public/audio/a1/bilan/dialogue-agence-voyage.m4a,external-francais-b1-audio-humanisation;external-francais-b1-diagnostic-progress;external-francais-b1-final-launch;external-francais-b1-launch-polish;external-francais-b1-positioning;external-francais-b1-release-candidate;external-francais-b1-v1-polish;internal-francais-b1-integration-a1a2b1;internal-francais-b1-positioning;internal-francais-b1-product-integration;internal-francais-b1-v1-polish;main,a676d3ddcf3a69402ee6de22f44a580e7e6af98a6a56927777340fc1f262f164,171637,m4a,41.068,lib/pedagogy/audio/a1/manifest.ts,referenced,selected-final-launch
public/audio/a1/bilan/message-nouvel-appartement.m4a,external-francais-b1-audio-humanisation;external-francais-b1-diagnostic-progress;external-francais-b1-final-launch;external-francais-b1-launch-polish;external-francais-b1-positioning;external-francais-b1-release-candidate;external-francais-b1-v1-polish;internal-francais-b1-integration-a1a2b1;internal-francais-b1-positioning;internal-francais-b1-product-integration;internal-francais-b1-v1-polish;main,25ab97fc2b43627f5969e558b695e934e3a19265acbd82b0afde34b8c089a39e,119491,m4a,26.721,lib/pedagogy/audio/a1/manifest.ts,referenced,selected-final-launch
public/audio/a1/cafe-restaurant/addition.m4a,external-francais-b1-audio-humanisation;external-francais-b1-diagnostic-progress;external-francais-b1-final-launch;external-francais-b1-launch-polish;external-francais-b1-positioning;external-francais-b1-release-candidate;external-francais-b1-v1-polish;internal-francais-b1-a1-audio2;internal-francais-b1-integration-a1a2b1;internal-francais-b1-positioning;internal-francais-b1-product-integration;internal-francais-b1-v1-polish;main,c89f9af7d351c9dd2e98ca80db357909f28a58bedd56957ec5cfdf613393e372,80391,m4a,17.294,lib/pedagogy/audio/a1/manifest.ts,referenced,selected-final-launch
public/audio/a1/cafe-restaurant/addition.m4a,internal-francais-b1-a1-audio,f88a6d242fbea0a00570016ab9e786c8a9015405f6034555c8718f7803eb383c,80391,m4a,17.294,lib/pedagogy/audio/a1/manifest.ts,referenced,retained-in-recovery-only
public/audio/a1/cafe-restaurant/commande-simple.m4a,external-francais-b1-audio-humanisation;external-francais-b1-final-launch,14f4856384ca6dfa27f1ca81552edac5c6761fc50b77a0d863b8e490fcd726da,37268,m4a,7.512,lib/pedagogy/audio/a1/manifest.ts,referenced,selected-final-launch
public/audio/a1/cafe-restaurant/commande-simple.m4a,external-francais-b1-diagnostic-progress;external-francais-b1-launch-polish;external-francais-b1-positioning;external-francais-b1-release-candidate;external-francais-b1-v1-polish;internal-francais-b1-a1-audio2;internal-francais-b1-positioning;internal-francais-b1-product-integration;internal-francais-b1-v1-polish;main,db103fd889c137d7b9f42fb7ae3e07e38fcfd159644fd508792a8ec8c3e61380,39543,m4a,7.838,lib/pedagogy/audio/a1/manifest.ts,referenced,retained-in-recovery-only
public/audio/a1/cafe-restaurant/restaurant-menu.m4a,internal-francais-b1-a1-audio,133dd5d8c05142e3a1986c77b8a818440135514a5ea250ef9881e8e6a9178ea2,96362,m4a,20.048,lib/pedagogy/audio/a1/manifest.ts,referenced,retained-in-recovery-only
public/audio/a1/cafe-restaurant/restaurant-menu.m4a,external-francais-b1-audio-humanisation;external-francais-b1-diagnostic-progress;external-francais-b1-final-launch;external-francais-b1-launch-polish;external-francais-b1-positioning;external-francais-b1-release-candidate;external-francais-b1-v1-polish;internal-francais-b1-a1-audio2;internal-francais-b1-integration-a1a2b1;internal-francais-b1-positioning;internal-francais-b1-product-integration;internal-francais-b1-v1-polish;main,b4aab61cdadc914f1d84501d06b441a8e727e78cbaa81e6c625fe2b6f2d4b859,96362,m4a,20.048,lib/pedagogy/audio/a1/manifest.ts,referenced,selected-final-launch
public/audio/a1/cafe-restaurant/serveur-question.m4a,internal-francais-b1-a1-audio,d349522c84abac0e037eaf8e2ae50e7de1435ccb59b76fff145878ef0cb0b3da,63192,m4a,15.279,lib/pedagogy/audio/a1/manifest.ts,referenced,retained-in-recovery-only
public/audio/a1/cafe-restaurant/serveur-question.m4a,external-francais-b1-audio-humanisation;external-francais-b1-diagnostic-progress;external-francais-b1-final-launch;external-francais-b1-launch-polish;external-francais-b1-positioning;external-francais-b1-release-candidate;external-francais-b1-v1-polish;internal-francais-b1-positioning;internal-francais-b1-product-integration;internal-francais-b1-v1-polish;main,fd730b1967b279f8d6dd9deaa9f0e448409ece3e19a9bb289423f5a177e328eb,63192,m4a,15.279,lib/pedagogy/audio/a1/manifest.ts,referenced,selected-final-launch
public/audio/a1/consignes/exercice-ecrit.m4a,external-francais-b1-audio-humanisation;external-francais-b1-diagnostic-progress;external-francais-b1-final-launch;external-francais-b1-launch-polish;external-francais-b1-positioning;external-francais-b1-release-candidate;external-francais-b1-v1-polish;internal-francais-b1-a1-audio2;internal-francais-b1-integration-a1a2b1;internal-francais-b1-positioning;internal-francais-b1-product-integration;internal-francais-b1-v1-polish;main,286168c7010769216d66e46219e1eff6523d6a497aa5b637664f13813f36a94b,47638,m4a,7.012,lib/pedagogy/audio/a1/manifest.ts,referenced,selected-final-launch
public/audio/a1/consignes/exercice-ecrit.m4a,internal-francais-b1-a1-audio,f8ea5a1d86d4b7bd8addf9c4b892f5664c23701c92248c5158128adfe4eeaf8d,47638,m4a,7.012,lib/pedagogy/audio/a1/manifest.ts,referenced,retained-in-recovery-only
public/audio/a1/consignes/salle-classe.m4a,internal-francais-b1-a1-audio,35859baa7570f9984e3ca80aed2066a13a51bd7ffd70f783554320a12e159643,26822,m4a,8.226,lib/pedagogy/audio/a1/manifest.ts,referenced,retained-in-recovery-only
public/audio/a1/consignes/salle-classe.m4a,external-francais-b1-audio-humanisation;external-francais-b1-diagnostic-progress;external-francais-b1-final-launch;external-francais-b1-launch-polish;external-francais-b1-positioning;external-francais-b1-release-candidate;external-francais-b1-v1-polish;internal-francais-b1-positioning;internal-francais-b1-product-integration;internal-francais-b1-v1-polish;main,8d61011eb2e4d58883fda007fd0f16369c0831927c839114510a213159e39961,26822,m4a,8.226,lib/pedagogy/audio/a1/manifest.ts,referenced,selected-final-launch
public/audio/a1/consignes/securite-avion.m4a,external-francais-b1-audio-humanisation;external-francais-b1-diagnostic-progress;external-francais-b1-final-launch;external-francais-b1-launch-polish;external-francais-b1-positioning;external-francais-b1-release-candidate;external-francais-b1-v1-polish;internal-francais-b1-integration-a1a2b1;internal-francais-b1-positioning;internal-francais-b1-product-integration;internal-francais-b1-v1-polish;main,1ef22b9c77368499d88ace9bea05c46a9f1e0523aac656ac7bf3a2815eb0d747,50326,m4a,10.898,lib/pedagogy/audio/a1/manifest.ts,referenced,selected-final-launch
public/audio/a1/dates-heures/anniversaire.m4a,external-francais-b1-audio-humanisation;external-francais-b1-diagnostic-progress;external-francais-b1-final-launch;external-francais-b1-launch-polish;external-francais-b1-positioning;external-francais-b1-release-candidate;external-francais-b1-v1-polish;internal-francais-b1-a1-audio2;internal-francais-b1-integration-a1a2b1;internal-francais-b1-positioning;internal-francais-b1-product-integration;internal-francais-b1-v1-polish;main,3bc6eb5d8939f7e260a6d5d48860990cb556885843cb5e029ec6eafebb29324a,68959,m4a,18.439,lib/pedagogy/audio/a1/manifest.ts,referenced,selected-final-launch
public/audio/a1/dates-heures/anniversaire.m4a,internal-francais-b1-a1-audio,712d63c1d035fe2fbd2155ea5d123692bcaba859ea34ff2dcde0d228e4a5c5c1,68959,m4a,18.439,lib/pedagogy/audio/a1/manifest.ts,referenced,retained-in-recovery-only
public/audio/a1/dates-heures/horaires-magasin.m4a,external-francais-b1-audio-humanisation;external-francais-b1-final-launch,0e19245c7db1a77286a395f6480f9cab15b3864efb042ae48f9aac8639a91727,74906,m4a,15.874,lib/pedagogy/audio/a1/manifest.ts,referenced,selected-final-launch
public/audio/a1/dates-heures/horaires-magasin.m4a,internal-francais-b1-a1-audio,34b09ee123d835fa1aa872781e7a5438c03db52fb2076c4bcdf8f8a8e587d47b,74446,m4a,15.634,lib/pedagogy/audio/a1/manifest.ts,referenced,retained-in-recovery-only
public/audio/a1/dates-heures/horaires-magasin.m4a,external-francais-b1-diagnostic-progress;external-francais-b1-launch-polish;external-francais-b1-positioning;external-francais-b1-release-candidate;external-francais-b1-v1-polish;internal-francais-b1-a1-audio2;internal-francais-b1-positioning;internal-francais-b1-product-integration;internal-francais-b1-v1-polish;main,b11ad61c6c8fe0f4d645b3c5134eb821fb93cf32fc54063d9ea89af14e31486d,74446,m4a,15.634,lib/pedagogy/audio/a1/manifest.ts,referenced,retained-in-recovery-only
public/audio/a1/dates-heures/jours-semaine.m4a,internal-francais-b1-a1-audio,94df345def6043382cda444c08a4f8844fbacac2ca713d3433588ca93b990ce8,79988,m4a,11.728,lib/pedagogy/audio/a1/manifest.ts,referenced,retained-in-recovery-only
public/audio/a1/dates-heures/jours-semaine.m4a,external-francais-b1-audio-humanisation;external-francais-b1-diagnostic-progress;external-francais-b1-final-launch;external-francais-b1-launch-polish;external-francais-b1-positioning;external-francais-b1-release-candidate;external-francais-b1-v1-polish;internal-francais-b1-integration-a1a2b1;internal-francais-b1-positioning;internal-francais-b1-product-integration;internal-francais-b1-v1-polish;main,f9c8aae047f2fd25c0cf71b986765946a3eab076561785937a840afee7e7cbd2,79988,m4a,11.728,lib/pedagogy/audio/a1/manifest.ts,referenced,selected-final-launch
public/audio/a1/dates-heures/quelle-heure.m4a,external-francais-b1-audio-humanisation;external-francais-b1-final-launch,963de31ff823ab288442a00e64ac0190719ee6711ac6d3e3ab9221b1d06c0413,53563,m4a,10.136,lib/pedagogy/audio/a1/manifest.ts,referenced,selected-final-launch
public/audio/a1/dates-heures/quelle-heure.m4a,external-francais-b1-diagnostic-progress;external-francais-b1-launch-polish;external-francais-b1-positioning;external-francais-b1-release-candidate;external-francais-b1-v1-polish;internal-francais-b1-a1-audio2;internal-francais-b1-integration-a1a2b1;internal-francais-b1-positioning;internal-francais-b1-product-integration;internal-francais-b1-v1-polish;main,cbd60e86d7bfd7028d4331e8fba1a7e79a3ce771c3cc1c678720cd2124297995,52818,m4a,9.742,lib/pedagogy/audio/a1/manifest.ts,referenced,retained-in-recovery-only
public/audio/a1/description/personnalite.m4a,internal-francais-b1-a1-audio,4024aed83ba551110f1c00355de62f07fcc174b9a0ceeefa9dcfc67d30c35828,74433,m4a,18.343,lib/pedagogy/audio/a1/manifest.ts,referenced,retained-in-recovery-only
public/audio/a1/description/personnalite.m4a,external-francais-b1-audio-humanisation;external-francais-b1-diagnostic-progress;external-francais-b1-final-launch;external-francais-b1-launch-polish;external-francais-b1-positioning;external-francais-b1-release-candidate;external-francais-b1-v1-polish;internal-francais-b1-a1-audio2;internal-francais-b1-integration-a1a2b1;internal-francais-b1-positioning;internal-francais-b1-product-integration;internal-francais-b1-v1-polish;main,be812d04fb58e4529c0e1b640f232510b61898507bc9a9b374ba8acf0d7eec96,74433,m4a,18.343,lib/pedagogy/audio/a1/manifest.ts,referenced,selected-final-launch
public/audio/a1/description/physique-ami.m4a,external-francais-b1-diagnostic-progress;external-francais-b1-launch-polish;external-francais-b1-positioning;external-francais-b1-release-candidate;external-francais-b1-v1-polish;internal-francais-b1-positioning;internal-francais-b1-product-integration;internal-francais-b1-v1-polish;main,9fe1fe902727ecabb3bf84201a6f90889883f0635e9f5c0ae82a0a65cb928efc,49727,m4a,7.305,lib/pedagogy/audio/a1/manifest.ts,referenced,retained-in-recovery-only
public/audio/a1/description/physique-ami.m4a,external-francais-b1-audio-humanisation;external-francais-b1-final-launch,e8d469bf0a140a78a189eb3af0b8022af79fb665dac59955305016e582132c1a,51159,m4a,7.630,lib/pedagogy/audio/a1/manifest.ts,referenced,selected-final-launch
public/audio/a1/description/vetements-aujourdhui.m4a,external-francais-b1-audio-humanisation;external-francais-b1-diagnostic-progress;external-francais-b1-final-launch;external-francais-b1-launch-polish;external-francais-b1-positioning;external-francais-b1-release-candidate;external-francais-b1-v1-polish;internal-francais-b1-integration-a1a2b1;internal-francais-b1-positioning;internal-francais-b1-product-integration;internal-francais-b1-v1-polish;main,75145a4ecc51af697e36c1a16e8bc3299f1e72f6ec90660f80fef1385da17725,42242,m4a,9.378,lib/pedagogy/audio/a1/manifest.ts,referenced,selected-final-launch
public/audio/a1/directions/demander-son-chemin.m4a,external-francais-b1-audio-humanisation;external-francais-b1-final-launch,0aa1ea9737e07beeb10d2c22be4c9d900523b0922970aff7747c7a9ff90ab8ed,83311,m4a,14.987,lib/pedagogy/audio/a1/manifest.ts,referenced,selected-final-launch
public/audio/a1/directions/demander-son-chemin.m4a,external-francais-b1-diagnostic-progress;external-francais-b1-launch-polish;external-francais-b1-positioning;external-francais-b1-release-candidate;external-francais-b1-v1-polish;internal-francais-b1-a1-audio2;internal-francais-b1-positioning;internal-francais-b1-product-integration;internal-francais-b1-v1-polish;main,a44dd1e9941410e0cf43822947591a6810bc479df19fc5a35414f50b1e34f4ad,78996,m4a,14.511,lib/pedagogy/audio/a1/manifest.ts,referenced,retained-in-recovery-only
public/audio/a1/directions/metro-changement.m4a,internal-francais-b1-a1-audio,49f24560c1a8dd3361e2815edea83e25f4edfc50c5747990c8d52d5cba15f08c,78725,m4a,18.678,lib/pedagogy/audio/a1/manifest.ts,referenced,retained-in-recovery-only
public/audio/a1/directions/metro-changement.m4a,external-francais-b1-diagnostic-progress;external-francais-b1-launch-polish;external-francais-b1-positioning;external-francais-b1-release-candidate;external-francais-b1-v1-polish;internal-francais-b1-positioning;internal-francais-b1-product-integration;internal-francais-b1-v1-polish;main,798d5f4e6a6c84884a04b0eaa130a0adfc3c084a619bc6327cfed2190edd6747,78725,m4a,18.678,lib/pedagogy/audio/a1/manifest.ts,referenced,retained-in-recovery-only
public/audio/a1/directions/metro-changement.m4a,external-francais-b1-audio-humanisation;external-francais-b1-final-launch,e711af1b956d3d3f18cc0d78bad67e65bd9fa122e7b6b02a48ec13650f21c6a6,78793,m4a,18.678,lib/pedagogy/audio/a1/manifest.ts,referenced,selected-final-launch
public/audio/a1/directions/pharmacie-proche.m4a,external-francais-b1-audio-humanisation;external-francais-b1-final-launch,07f9c974f4097a66faaaac8ed14cd3a9daa1be40044c0cb22af1898ddc78c192,118449,m4a,27.423,lib/pedagogy/audio/a1/manifest.ts,referenced,selected-final-launch
public/audio/a1/directions/pharmacie-proche.m4a,internal-francais-b1-a1-audio,75c77006bafe895345c2c418af0b48d34f0d8c07aa6c2d1342a1c82c82d84c60,118523,m4a,27.167,lib/pedagogy/audio/a1/manifest.ts,referenced,retained-in-recovery-only
public/audio/a1/directions/pharmacie-proche.m4a,external-francais-b1-diagnostic-progress;external-francais-b1-launch-polish;external-francais-b1-positioning;external-francais-b1-release-candidate;external-francais-b1-v1-polish;internal-francais-b1-a1-audio2;internal-francais-b1-integration-a1a2b1;internal-francais-b1-positioning;internal-francais-b1-product-integration;internal-francais-b1-v1-polish;main,90ae0b4f7496f307f75777365cf9ea656fac39fd6b1400371718c9530cbaa26f,118523,m4a,27.167,lib/pedagogy/audio/a1/manifest.ts,referenced,retained-in-recovery-only
public/audio/a1/directions/tout-droit.m4a,external-francais-b1-diagnostic-progress;external-francais-b1-launch-polish;external-francais-b1-positioning;external-francais-b1-release-candidate;external-francais-b1-v1-polish;internal-francais-b1-a1-audio2;internal-francais-b1-integration-a1a2b1;internal-francais-b1-positioning;internal-francais-b1-product-integration;internal-francais-b1-v1-polish;main,a246ef92db150373b2f71001ffd41fe17885771886379fa5b2564b93f20c9094,47259,m4a,7.003,lib/pedagogy/audio/a1/manifest.ts,referenced,retained-in-recovery-only
public/audio/a1/directions/tout-droit.m4a,external-francais-b1-audio-humanisation;external-francais-b1-final-launch,f42bfafa2028a094273159eb8755721ccc6906fd7b5d7b2b63a7428e28b5536f,49146,m4a,7.154,lib/pedagogy/audio/a1/manifest.ts,referenced,selected-final-launch
public/audio/a1/famille/combien-enfants.m4a,internal-francais-b1-a1-audio,11301f4badf7e39544344e6a105e80d3c9079ad83aea809a984e410fd07a6d9e,71471,m4a,19.175,lib/pedagogy/audio/a1/manifest.ts,referenced,retained-in-recovery-only
public/audio/a1/famille/combien-enfants.m4a,external-francais-b1-audio-humanisation;external-francais-b1-diagnostic-progress;external-francais-b1-final-launch;external-francais-b1-launch-polish;external-francais-b1-positioning;external-francais-b1-release-candidate;external-francais-b1-v1-polish;internal-francais-b1-a1-audio2;internal-francais-b1-integration-a1a2b1;internal-francais-b1-positioning;internal-francais-b1-product-integration;internal-francais-b1-v1-polish;main,22255838653b16b82c1fc89af1a096f02e86c6fae486e135ed3d200a4ab652de,71471,m4a,19.175,lib/pedagogy/audio/a1/manifest.ts,referenced,selected-final-launch
public/audio/a1/famille/mamie-papi.m4a,external-francais-b1-audio-humanisation;external-francais-b1-diagnostic-progress;external-francais-b1-final-launch;external-francais-b1-launch-polish;external-francais-b1-positioning;external-francais-b1-release-candidate;external-francais-b1-v1-polish;internal-francais-b1-a1-audio2;internal-francais-b1-positioning;internal-francais-b1-product-integration;internal-francais-b1-v1-polish;main,80df16f4f2a99ac49fe54297fe0a8d6749f895666d13a5574621b9d54415f6fa,80873,m4a,17.415,lib/pedagogy/audio/a1/manifest.ts,referenced,selected-final-launch
public/audio/a1/famille/presenter-photo.m4a,external-francais-b1-audio-humanisation;external-francais-b1-final-launch,98bb49c04ed1e449b0f91b31b851cbbb81f4eb1c397ee4304bc8b71f7882baff,60131,m4a,15.475,lib/pedagogy/audio/a1/manifest.ts,referenced,selected-final-launch
public/audio/a1/famille/presenter-photo.m4a,internal-francais-b1-a1-audio,e84c5ab0fb3f73bc88d3d9aa59ce15b60a6a09dedd5085bde4da4c860614bb47,54307,m4a,14.179,lib/pedagogy/audio/a1/manifest.ts,referenced,retained-in-recovery-only
public/audio/a1/famille/presenter-photo.m4a,external-francais-b1-diagnostic-progress;external-francais-b1-launch-polish;external-francais-b1-positioning;external-francais-b1-release-candidate;external-francais-b1-v1-polish;internal-francais-b1-a1-audio2;internal-francais-b1-positioning;internal-francais-b1-product-integration;internal-francais-b1-v1-polish;main,ec065e2839ec3571f913bbf5bf6b856bbafcc2829e6d09bfd0f951a40680f18c,54307,m4a,14.179,lib/pedagogy/audio/a1/manifest.ts,referenced,retained-in-recovery-only
public/audio/a1/famille/reunion-dimanche.m4a,external-francais-b1-audio-humanisation;external-francais-b1-diagnostic-progress;external-francais-b1-final-launch;external-francais-b1-launch-polish;external-francais-b1-positioning;external-francais-b1-release-candidate;external-francais-b1-v1-polish;internal-francais-b1-integration-a1a2b1;internal-francais-b1-positioning;internal-francais-b1-product-integration;internal-francais-b1-v1-polish;main,9ab44753accf9927232759161641755d7e1a718d6f52d1ae26f5056069ca29ff,117854,m4a,27.305,lib/pedagogy/audio/a1/manifest.ts,referenced,selected-final-launch
public/audio/a1/messages-vocaux/absence-bureau.m4a,external-francais-b1-diagnostic-progress;external-francais-b1-launch-polish;external-francais-b1-positioning;external-francais-b1-release-candidate;external-francais-b1-v1-polish;internal-francais-b1-a1-audio2;internal-francais-b1-positioning;internal-francais-b1-product-integration;internal-francais-b1-v1-polish;main,7d7d897fa7862541a50a5e7d531ad5214161c8879afde3103abe2013f9bb6587,32570,m4a,8.753,lib/pedagogy/audio/a1/manifest.ts,referenced,retained-in-recovery-only
public/audio/a1/messages-vocaux/absence-bureau.m4a,internal-francais-b1-a1-audio,89c625ebea699f424774963e594874a1a5488e712787c6f8a50315572a7dfe1e,32570,m4a,8.753,lib/pedagogy/audio/a1/manifest.ts,referenced,retained-in-recovery-only
public/audio/a1/messages-vocaux/absence-bureau.m4a,external-francais-b1-audio-humanisation;external-francais-b1-final-launch,9f57df803272358fd9fcbca74148bc4e4f8cdd3d7faaf39b80ca3c5283837d6b,32207,m4a,8.321,lib/pedagogy/audio/a1/manifest.ts,referenced,selected-final-launch
public/audio/a1/messages-vocaux/ami-retard.m4a,internal-francais-b1-a1-audio,f34fcd1533158390fc1612576a28721c949f3d5e1b0c7ad5a141e8300ba32792,25348,m4a,6.595,lib/pedagogy/audio/a1/manifest.ts,referenced,retained-in-recovery-only
public/audio/a1/messages-vocaux/ami-retard.m4a,external-francais-b1-audio-humanisation;external-francais-b1-diagnostic-progress;external-francais-b1-final-launch;external-francais-b1-launch-polish;external-francais-b1-positioning;external-francais-b1-release-candidate;external-francais-b1-v1-polish;internal-francais-b1-positioning;internal-francais-b1-product-integration;internal-francais-b1-v1-polish;main,fd12653087d9152263b032d93dfc5da8ecba43db4df21789ee18967a9eea733c,25348,m4a,6.595,lib/pedagogy/audio/a1/manifest.ts,referenced,selected-final-launch
public/audio/a1/messages-vocaux/invitation-anniversaire.m4a,internal-francais-b1-a1-audio,3d9107191aed3af2aea3945e767a95d5aedfdc7e9b01192ecfbea00cc3d2282b,68003,m4a,14.947,lib/pedagogy/audio/a1/manifest.ts,referenced,retained-in-recovery-only
public/audio/a1/messages-vocaux/invitation-anniversaire.m4a,external-francais-b1-audio-humanisation;external-francais-b1-diagnostic-progress;external-francais-b1-final-launch;external-francais-b1-launch-polish;external-francais-b1-positioning;external-francais-b1-release-candidate;external-francais-b1-v1-polish;internal-francais-b1-a1-audio2;internal-francais-b1-integration-a1a2b1;internal-francais-b1-positioning;internal-francais-b1-product-integration;internal-francais-b1-v1-polish;main,b7d7813866a821e90d78a06e2326904f0779a13c9dd991aaa052c7abd4936588,68003,m4a,14.947,lib/pedagogy/audio/a1/manifest.ts,referenced,selected-final-launch
public/audio/a1/messages-vocaux/rappel-rdv.m4a,external-francais-b1-diagnostic-progress;external-francais-b1-launch-polish;external-francais-b1-positioning;external-francais-b1-release-candidate;external-francais-b1-v1-polish;internal-francais-b1-a1-audio2;internal-francais-b1-integration-a1a2b1;internal-francais-b1-positioning;internal-francais-b1-product-integration;internal-francais-b1-v1-polish;main,3891ecb5ec341391c93c6cdfefce7280ae08fabdb660d6a4855a16ce8b4d0ea7,66613,m4a,13.809,lib/pedagogy/audio/a1/manifest.ts,referenced,retained-in-recovery-only
public/audio/a1/messages-vocaux/rappel-rdv.m4a,external-francais-b1-audio-humanisation;external-francais-b1-final-launch,e6b190a5957b4e5e273a9a56d88629bc875319f5b24149cf64d3dc117d32a83e,66576,m4a,13.809,lib/pedagogy/audio/a1/manifest.ts,referenced,selected-final-launch
public/audio/a1/meteo/aujourdhui.m4a,external-francais-b1-audio-humanisation;external-francais-b1-diagnostic-progress;external-francais-b1-final-launch;external-francais-b1-launch-polish;external-francais-b1-positioning;external-francais-b1-release-candidate;external-francais-b1-v1-polish;internal-francais-b1-integration-a1a2b1;internal-francais-b1-positioning;internal-francais-b1-product-integration;internal-francais-b1-v1-polish;main,4c38b7157a3efa0f68cd103483cdc568da0e29807aa0730b311a0c3a7ce43a44,21464,m4a,5.954,lib/pedagogy/audio/a1/manifest.ts,referenced,selected-final-launch
public/audio/a1/meteo/dialogue-sortie.m4a,external-francais-b1-audio-humanisation;external-francais-b1-final-launch,73aaaea39a5b69b0b646f86cf4f24ebc2bd5cf481cb95bb508169a540bb7f7e8,94223,m4a,18.926,lib/pedagogy/audio/a1/manifest.ts,referenced,selected-final-launch
public/audio/a1/meteo/dialogue-sortie.m4a,external-francais-b1-diagnostic-progress;external-francais-b1-launch-polish;external-francais-b1-positioning;external-francais-b1-release-candidate;external-francais-b1-v1-polish;internal-francais-b1-a1-audio2;internal-francais-b1-positioning;internal-francais-b1-product-integration;internal-francais-b1-v1-polish;main,7c64ff2d88977750c9a3e9fac1730283fd5f5c46c6896ccc492743d520a4ff8f,91021,m4a,18.334,lib/pedagogy/audio/a1/manifest.ts,referenced,retained-in-recovery-only
public/audio/a1/meteo/semaine.m4a,internal-francais-b1-a1-audio,15ee89e11344f327975978e47b97641d075e594cf84339ae059df86444a154ec,70938,m4a,15.347,lib/pedagogy/audio/a1/manifest.ts,referenced,retained-in-recovery-only
public/audio/a1/meteo/semaine.m4a,external-francais-b1-audio-humanisation;external-francais-b1-diagnostic-progress;external-francais-b1-final-launch;external-francais-b1-launch-polish;external-francais-b1-positioning;external-francais-b1-release-candidate;external-francais-b1-v1-polish;internal-francais-b1-integration-a1a2b1;internal-francais-b1-positioning;internal-francais-b1-product-integration;internal-francais-b1-v1-polish;main,621c7d3ab955684e5445efcb3dc14a339ccde1ee3c4fe3004d36a5c8b3fd07e2,70938,m4a,15.347,lib/pedagogy/audio/a1/manifest.ts,referenced,selected-final-launch
public/audio/a1/nombres-telephone/code-porte.m4a,external-francais-b1-audio-humanisation;external-francais-b1-diagnostic-progress;external-francais-b1-final-launch;external-francais-b1-launch-polish;external-francais-b1-positioning;external-francais-b1-release-candidate;external-francais-b1-v1-polish;internal-francais-b1-a1-audio2;internal-francais-b1-integration-a1a2b1;internal-francais-b1-positioning;internal-francais-b1-product-integration;internal-francais-b1-v1-polish;main,25ba3d295ceb84d15f9d77875625537a0ff285c71e46be3d9dd488880b7cd940,45730,m4a,14.946,lib/pedagogy/audio/a1/manifest.ts,referenced,selected-final-launch
public/audio/a1/nombres-telephone/compter-dix.m4a,external-francais-b1-audio-humanisation;external-francais-b1-diagnostic-progress;external-francais-b1-final-launch;external-francais-b1-launch-polish;external-francais-b1-positioning;external-francais-b1-release-candidate;external-francais-b1-v1-polish;internal-francais-b1-positioning;internal-francais-b1-product-integration;internal-francais-b1-v1-polish;main,1a93865eaa7dc441eb66e9aef08e20583d17228daa9953cbbfc9652f16c9eb9a,60440,m4a,9.046,lib/pedagogy/audio/a1/manifest.ts,referenced,selected-final-launch
public/audio/a1/nombres-telephone/numero-telephone.m4a,external-francais-b1-diagnostic-progress;external-francais-b1-launch-polish;external-francais-b1-positioning;external-francais-b1-release-candidate;external-francais-b1-v1-polish;internal-francais-b1-a1-audio2;internal-francais-b1-integration-a1a2b1;internal-francais-b1-positioning;internal-francais-b1-product-integration;internal-francais-b1-v1-polish;main,619e0300c6c3103ebaeeb1f44c8680da76c66fc224264dd484dbc945af2d99e4,88394,m4a,24.126,lib/pedagogy/audio/a1/manifest.ts,referenced,retained-in-recovery-only
public/audio/a1/nombres-telephone/numero-telephone.m4a,internal-francais-b1-a1-audio,79cc173213ccec571de9f8052111ced45306e65367ca7be0bcced4d49aa04e5f,88394,m4a,24.126,lib/pedagogy/audio/a1/manifest.ts,referenced,retained-in-recovery-only
public/audio/a1/nombres-telephone/numero-telephone.m4a,external-francais-b1-audio-humanisation;external-francais-b1-final-launch,fce31ab83083924374eff99acdca0bd47921f9601fb5786b3ba3390a93b70609,88181,m4a,23.838,lib/pedagogy/audio/a1/manifest.ts,referenced,selected-final-launch
public/audio/a1/nombres-telephone/repondeur-numero.m4a,external-francais-b1-diagnostic-progress;external-francais-b1-launch-polish;external-francais-b1-positioning;external-francais-b1-release-candidate;external-francais-b1-v1-polish;internal-francais-b1-positioning;internal-francais-b1-product-integration;internal-francais-b1-v1-polish;main,574ccb07a441d3a251b2f9572b3ae591a385d1a7289157cbdb8a8bde18198f55,77601,m4a,15.938,lib/pedagogy/audio/a1/manifest.ts,referenced,retained-in-recovery-only
public/audio/a1/nombres-telephone/repondeur-numero.m4a,external-francais-b1-audio-humanisation;external-francais-b1-final-launch,bd186ad9b97b1d1ac968bd55e83d72d375190b7ecde6568cc267bb796b775c22,77353,m4a,15.938,lib/pedagogy/audio/a1/manifest.ts,referenced,selected-final-launch
public/audio/a1/petites-annonces/appartement-a-louer.m4a,internal-francais-b1-a1-audio,82e107013439c38dd736a31fa7c98672e29c55098491deb9d25621f3df68037a,79336,m4a,11.636,lib/pedagogy/audio/a1/manifest.ts,referenced,retained-in-recovery-only
public/audio/a1/petites-annonces/appartement-a-louer.m4a,external-francais-b1-audio-humanisation;external-francais-b1-diagnostic-progress;external-francais-b1-final-launch;external-francais-b1-launch-polish;external-francais-b1-positioning;external-francais-b1-release-candidate;external-francais-b1-v1-polish;internal-francais-b1-a1-audio2;internal-francais-b1-positioning;internal-francais-b1-product-integration;internal-francais-b1-v1-polish;main,e8e0de2aeb020397732e7f39ba7fe8add1d28b584cfc3cc18245328fa5b73a7a,79336,m4a,11.636,lib/pedagogy/audio/a1/manifest.ts,referenced,selected-final-launch
public/audio/a1/petites-annonces/objet-a-vendre.m4a,internal-francais-b1-a1-audio,a2abdb1e143f338f2a0bc0277f848b4390acfe2dfe1c6ae8a45567a5ee022981,55328,m4a,13.347,lib/pedagogy/audio/a1/manifest.ts,referenced,retained-in-recovery-only
public/audio/a1/petites-annonces/objet-a-vendre.m4a,external-francais-b1-audio-humanisation;external-francais-b1-diagnostic-progress;external-francais-b1-final-launch;external-francais-b1-launch-polish;external-francais-b1-positioning;external-francais-b1-release-candidate;external-francais-b1-v1-polish;internal-francais-b1-a1-audio2;internal-francais-b1-positioning;internal-francais-b1-product-integration;internal-francais-b1-v1-polish;main,ca9a50763394f525a6932fc4515567a049651419bf478d7b8cd52507bfe24fa2,55328,m4a,13.347,lib/pedagogy/audio/a1/manifest.ts,referenced,selected-final-launch
public/audio/a1/petites-annonces/recherche-colocataire.m4a,external-francais-b1-diagnostic-progress;external-francais-b1-launch-polish;external-francais-b1-positioning;external-francais-b1-release-candidate;external-francais-b1-v1-polish;internal-francais-b1-a1-audio2;internal-francais-b1-integration-a1a2b1;internal-francais-b1-positioning;internal-francais-b1-product-integration;internal-francais-b1-v1-polish;main,0817763f95d24ed12d4daacdeeddbba01ad4e7863f97828164b41cbdc3a676e1,88918,m4a,18.974,lib/pedagogy/audio/a1/manifest.ts,referenced,retained-in-recovery-only
public/audio/a1/petites-annonces/recherche-colocataire.m4a,external-francais-b1-audio-humanisation;external-francais-b1-final-launch,684ca501ef889851482155033aa1b85bbf7fedc57cee91bfd53e1f992a1816a2,89656,m4a,19.198,lib/pedagogy/audio/a1/manifest.ts,referenced,selected-final-launch
public/audio/a1/petites-annonces/recherche-colocataire.m4a,internal-francais-b1-a1-audio,b3a1c702460d07f11f1d3c9ef89b7f7fde0c692ea0c03e1f3526bd1771d6598d,88918,m4a,18.974,lib/pedagogy/audio/a1/manifest.ts,referenced,retained-in-recovery-only
public/audio/a1/presentations/etudiant.m4a,external-francais-b1-diagnostic-progress;external-francais-b1-launch-polish;external-francais-b1-positioning;external-francais-b1-release-candidate;external-francais-b1-v1-polish;internal-francais-b1-integration-a1a2b1;internal-francais-b1-positioning;internal-francais-b1-product-integration;internal-francais-b1-v1-polish;main,4af7dbab72edaf77a92ad0718eb8c6fddce0786a16868bd1b3f383e72cca0cf9,124731,m4a,25.714,lib/pedagogy/audio/a1/manifest.ts,referenced,retained-in-recovery-only
public/audio/a1/presentations/etudiant.m4a,internal-francais-b1-a1-audio,7b69a550c039406ec43c3c356ce9899edf0987f56121de4af5f066f1c009a1f1,124731,m4a,25.714,lib/pedagogy/audio/a1/manifest.ts,referenced,retained-in-recovery-only
public/audio/a1/presentations/etudiant.m4a,external-francais-b1-audio-humanisation;external-francais-b1-final-launch,f20a51519f9a8de75479a79542dca759ec79d4ce363dc9a2e4291ec478736a8b,132855,m4a,26.850,lib/pedagogy/audio/a1/manifest.ts,referenced,selected-final-launch
public/audio/a1/presentations/nationalite.m4a,internal-francais-b1-a1-audio,28ba1e8b557684db91bf10f10dbd74aee7af756b57a4f42e55d3210c86e107b7,72584,m4a,18.695,lib/pedagogy/audio/a1/manifest.ts,referenced,retained-in-recovery-only
public/audio/a1/presentations/nationalite.m4a,external-francais-b1-diagnostic-progress;external-francais-b1-launch-polish;external-francais-b1-positioning;external-francais-b1-release-candidate;external-francais-b1-v1-polish;internal-francais-b1-a1-audio2;internal-francais-b1-integration-a1a2b1;internal-francais-b1-positioning;internal-francais-b1-product-integration;internal-francais-b1-v1-polish;main,462141a1aed4ca5ee4ea603101858de8ea46be012894f0806a4748ec91d7171f,72584,m4a,18.695,lib/pedagogy/audio/a1/manifest.ts,referenced,retained-in-recovery-only
public/audio/a1/presentations/nationalite.m4a,external-francais-b1-audio-humanisation;external-francais-b1-final-launch,55e5936d6e2e07695c27ca317f13978bd8db82f806b2c92d692b10b4d6f5689e,73222,m4a,18.407,lib/pedagogy/audio/a1/manifest.ts,referenced,selected-final-launch
public/audio/a1/presentations/nom-age.m4a,external-francais-b1-audio-humanisation;external-francais-b1-final-launch,3dd38a7f229aa4d133a65c6439db0d14470b0daa98f005ee8f9a78bbe4635b5f,34323,m4a,9.489,lib/pedagogy/audio/a1/manifest.ts,referenced,selected-final-launch
public/audio/a1/presentations/nom-age.m4a,internal-francais-b1-a1-audio,9f3868c69d12aee61e82d1e8d47fe3c46672b53117c39c9f1441321f25c9bf0b,33375,m4a,10.209,lib/pedagogy/audio/a1/manifest.ts,referenced,retained-in-recovery-only
public/audio/a1/presentations/nom-age.m4a,external-francais-b1-diagnostic-progress;external-francais-b1-launch-polish;external-francais-b1-positioning;external-francais-b1-release-candidate;external-francais-b1-v1-polish;internal-francais-b1-integration-a1a2b1;internal-francais-b1-positioning;internal-francais-b1-product-integration;internal-francais-b1-v1-polish;main,e08dab570ffe7ae8bc288276087bc760eefac088b0b21a5f960d455fe5430941,33375,m4a,10.209,lib/pedagogy/audio/a1/manifest.ts,referenced,retained-in-recovery-only
public/audio/a1/presentations/profession.m4a,external-francais-b1-audio-humanisation;external-francais-b1-diagnostic-progress;external-francais-b1-final-launch;external-francais-b1-launch-polish;external-francais-b1-positioning;external-francais-b1-release-candidate;external-francais-b1-v1-polish;internal-francais-b1-a1-audio2;internal-francais-b1-integration-a1a2b1;internal-francais-b1-positioning;internal-francais-b1-product-integration;internal-francais-b1-v1-polish;main,6b5b9cf8c70b2287139183c35606acd169488436406a4841f43ba0a09cf1b3c8,128263,m4a,24.321,lib/pedagogy/audio/a1/manifest.ts,referenced,selected-final-launch
public/audio/a1/prix-achats/a-la-boulangerie.m4a,external-francais-b1-audio-humanisation;external-francais-b1-final-launch,8790a31ca60a17f1b4f331f349f69f99e7ecd74404eb7e473f95357b50b27638,83903,m4a,16.011,lib/pedagogy/audio/a1/manifest.ts,referenced,selected-final-launch
public/audio/a1/prix-achats/a-la-boulangerie.m4a,external-francais-b1-diagnostic-progress;external-francais-b1-launch-polish;external-francais-b1-positioning;external-francais-b1-release-candidate;external-francais-b1-v1-polish;internal-francais-b1-integration-a1a2b1;internal-francais-b1-positioning;internal-francais-b1-product-integration;internal-francais-b1-v1-polish;main,8e6183bc94ada945e0d41126dc0c4ef9ba204de9978548ecf6305570344634bd,78367,m4a,15.548,lib/pedagogy/audio/a1/manifest.ts,referenced,retained-in-recovery-only
public/audio/a1/prix-achats/au-marche.m4a,internal-francais-b1-a1-audio,632be37cbc056cf6f2a855ff1d0750e629ace73a96b1a2671217b8e998a99809,63345,m4a,13.168,lib/pedagogy/audio/a1/manifest.ts,referenced,retained-in-recovery-only
public/audio/a1/prix-achats/au-marche.m4a,external-francais-b1-audio-humanisation;external-francais-b1-diagnostic-progress;external-francais-b1-final-launch;external-francais-b1-launch-polish;external-francais-b1-positioning;external-francais-b1-release-candidate;external-francais-b1-v1-polish;internal-francais-b1-integration-a1a2b1;internal-francais-b1-positioning;internal-francais-b1-product-integration;internal-francais-b1-v1-polish;main,8bdca1ebacd6141d15c777142f489460f30afbb072758d69ace5bffa2c2e2052,63345,m4a,13.168,lib/pedagogy/audio/a1/manifest.ts,referenced,selected-final-launch
public/audio/a1/prix-achats/caisse-supermarche.m4a,external-francais-b1-audio-humanisation;external-francais-b1-final-launch,215197ffde065cfda35fbd18a2415d78e3c7d0b2e4e8d4447607b1b70a5d4c71,77951,m4a,20.139,lib/pedagogy/audio/a1/manifest.ts,referenced,selected-final-launch
public/audio/a1/prix-achats/caisse-supermarche.m4a,internal-francais-b1-a1-audio,6ed46cf6d4c25f8160ca0e4f34eeca422f720c580706b1c8852f5f2dc6c4c44f,75106,m4a,19.403,lib/pedagogy/audio/a1/manifest.ts,referenced,retained-in-recovery-only
public/audio/a1/prix-achats/caisse-supermarche.m4a,external-francais-b1-diagnostic-progress;external-francais-b1-launch-polish;external-francais-b1-positioning;external-francais-b1-release-candidate;external-francais-b1-v1-polish;internal-francais-b1-integration-a1a2b1;internal-francais-b1-positioning;internal-francais-b1-product-integration;internal-francais-b1-v1-polish;main,78c75d301c1a78d3847332232878b268f9b4446f4599fedb7e633157e2e46336,75106,m4a,19.403,lib/pedagogy/audio/a1/manifest.ts,referenced,retained-in-recovery-only
public/audio/a1/prix-achats/vetements-taille.m4a,external-francais-b1-diagnostic-progress;external-francais-b1-launch-polish;external-francais-b1-positioning;external-francais-b1-release-candidate;external-francais-b1-v1-polish;internal-francais-b1-a1-audio2;internal-francais-b1-integration-a1a2b1;internal-francais-b1-positioning;internal-francais-b1-product-integration;internal-francais-b1-v1-polish;main,1aad43fc09b225d95de05b7370fbfefaf969328a73c484d665a01488306bb770,97537,m4a,22.935,lib/pedagogy/audio/a1/manifest.ts,referenced,retained-in-recovery-only
public/audio/a1/prix-achats/vetements-taille.m4a,external-francais-b1-audio-humanisation;external-francais-b1-final-launch,45e393ad1a0065eb0ea86caacb5220e3d5725029215117de78ba377a2fb8bdac,113810,m4a,26.747,lib/pedagogy/audio/a1/manifest.ts,referenced,selected-final-launch
public/audio/a1/prix-achats/vetements-taille.m4a,internal-francais-b1-a1-audio,bd6f3f1890a49424aea16c3858522ce7c3478616f4fd85be53d6f2a103a99540,97537,m4a,22.935,lib/pedagogy/audio/a1/manifest.ts,referenced,retained-in-recovery-only
public/audio/a1/quotidien-loisirs/loisirs-preferes.m4a,internal-francais-b1-a1-audio,213ec4a2be3b583240193c16a92f3e72134f39c236fc55c95b4bbe953749165e,104818,m4a,20.433,lib/pedagogy/audio/a1/manifest.ts,referenced,retained-in-recovery-only
public/audio/a1/quotidien-loisirs/loisirs-preferes.m4a,external-francais-b1-audio-humanisation;external-francais-b1-diagnostic-progress;external-francais-b1-final-launch;external-francais-b1-launch-polish;external-francais-b1-positioning;external-francais-b1-release-candidate;external-francais-b1-v1-polish;internal-francais-b1-a1-audio2;internal-francais-b1-integration-a1a2b1;internal-francais-b1-positioning;internal-francais-b1-product-integration;internal-francais-b1-v1-polish;main,f17221ec190e6675d2c16a015642bbe01c8d5417b535f73d17f76b5f525060bf,104818,m4a,20.433,lib/pedagogy/audio/a1/manifest.ts,referenced,selected-final-launch
public/audio/a1/quotidien-loisirs/recit-samedi.m4a,external-francais-b1-audio-humanisation;external-francais-b1-diagnostic-progress;external-francais-b1-final-launch;external-francais-b1-launch-polish;external-francais-b1-positioning;external-francais-b1-release-candidate;external-francais-b1-v1-polish;internal-francais-b1-a1-audio2;internal-francais-b1-integration-a1a2b1;internal-francais-b1-positioning;internal-francais-b1-product-integration;internal-francais-b1-v1-polish;main,c1538472093586a987a1c161253c06ea674a8e68c5e2e77362fbdebbf39ef2ca,61008,m4a,13.875,lib/pedagogy/audio/a1/manifest.ts,referenced,selected-final-launch
public/audio/a1/quotidien-loisirs/routine-matin.m4a,external-francais-b1-audio-humanisation;external-francais-b1-final-launch,2d0c09c71ffddc5970e1438ed5712873f2c15d99db98038931f2be35a3a5c942,63066,m4a,15.829,lib/pedagogy/audio/a1/manifest.ts,referenced,selected-final-launch
public/audio/a1/quotidien-loisirs/routine-matin.m4a,external-francais-b1-diagnostic-progress;external-francais-b1-launch-polish;external-francais-b1-positioning;external-francais-b1-release-candidate;external-francais-b1-v1-polish;internal-francais-b1-a1-audio2;internal-francais-b1-integration-a1a2b1;internal-francais-b1-positioning;internal-francais-b1-product-integration;internal-francais-b1-v1-polish;main,c7e8d20ca38633b33a97df3765b9810f876c4f0fe996d1bdbba1d19b5f623e03,57444,m4a,14.882,lib/pedagogy/audio/a1/manifest.ts,referenced,retained-in-recovery-only
public/audio/a1/quotidien-loisirs/routine-matin.m4a,internal-francais-b1-a1-audio,d7f7d81d9179dcf3054bff2f37e7fb6ae5dd6cf7c27253885061309aadc6df04,57444,m4a,14.882,lib/pedagogy/audio/a1/manifest.ts,referenced,retained-in-recovery-only
public/audio/a1/quotidien-loisirs/sport.m4a,external-francais-b1-audio-humanisation;external-francais-b1-diagnostic-progress;external-francais-b1-final-launch;external-francais-b1-launch-polish;external-francais-b1-positioning;external-francais-b1-release-candidate;external-francais-b1-v1-polish;internal-francais-b1-a1-audio2;internal-francais-b1-integration-a1a2b1;internal-francais-b1-positioning;internal-francais-b1-product-integration;internal-francais-b1-v1-polish;main,203eb96ab9fc31db1b0e37740f0b5f5a52f53e09cb522d0cf688e2cf6f0a1edd,76674,m4a,17.336,lib/pedagogy/audio/a1/manifest.ts,referenced,selected-final-launch
public/audio/a1/quotidien-loisirs/sport.m4a,internal-francais-b1-a1-audio,39bf37b18f1da4685b0e90406b8207e1e683dff9577cc02563d7c424bcdeb5fd,76674,m4a,17.336,lib/pedagogy/audio/a1/manifest.ts,referenced,retained-in-recovery-only
public/audio/a1/quotidien-loisirs/week-end-activites.m4a,external-francais-b1-diagnostic-progress;external-francais-b1-launch-polish;external-francais-b1-positioning;external-francais-b1-release-candidate;external-francais-b1-v1-polish;internal-francais-b1-a1-audio2;internal-francais-b1-integration-a1a2b1;internal-francais-b1-positioning;internal-francais-b1-product-integration;internal-francais-b1-v1-polish;main,2e6bdc5f4afdf75afd533428e3e3e40fce1b68899db74041bca781f91813c31a,77720,m4a,18.742,lib/pedagogy/audio/a1/manifest.ts,referenced,retained-in-recovery-only
public/audio/a1/quotidien-loisirs/week-end-activites.m4a,external-francais-b1-audio-humanisation;external-francais-b1-final-launch,7934e3c205e0b3e4c4cbcf107780bf6981cbade317526bf2a9466f10131b9568,83156,m4a,20.203,lib/pedagogy/audio/a1/manifest.ts,referenced,selected-final-launch
public/audio/a1/rendez-vous/annuler-rendez-vous.m4a,external-francais-b1-diagnostic-progress;external-francais-b1-launch-polish;external-francais-b1-positioning;external-francais-b1-release-candidate;external-francais-b1-v1-polish;internal-francais-b1-a1-audio2;internal-francais-b1-integration-a1a2b1;internal-francais-b1-positioning;internal-francais-b1-product-integration;internal-francais-b1-v1-polish;main,6f0b3f25f0bed370c645ecb6ee93c59013984c983b82d577726501c6491b12be,93063,m4a,21.083,lib/pedagogy/audio/a1/manifest.ts,referenced,retained-in-recovery-only
public/audio/a1/rendez-vous/annuler-rendez-vous.m4a,external-francais-b1-audio-humanisation;external-francais-b1-final-launch,fd4b5907f19e852b628094860b4d5bf4f49eae25195b40d6d0b10fd3e34248a2,96167,m4a,21.872,lib/pedagogy/audio/a1/manifest.ts,referenced,selected-final-launch
public/audio/a1/rendez-vous/coiffeur.m4a,external-francais-b1-diagnostic-progress;external-francais-b1-launch-polish;external-francais-b1-positioning;external-francais-b1-release-candidate;external-francais-b1-v1-polish;internal-francais-b1-a1-audio2;internal-francais-b1-integration-a1a2b1;internal-francais-b1-positioning;internal-francais-b1-product-integration;internal-francais-b1-v1-polish;main,63be65cbc7a0160022557b2c8a4c9600e8d99b2e904b8771548fb4c288ced91f,90367,m4a,21.350,lib/pedagogy/audio/a1/manifest.ts,referenced,retained-in-recovery-only
public/audio/a1/rendez-vous/coiffeur.m4a,internal-francais-b1-a1-audio,ad0d6b6f1cad1f39ff336809e33ea524bbacba5d9cf702a0ce03c15fd47ee923,90367,m4a,21.350,lib/pedagogy/audio/a1/manifest.ts,referenced,retained-in-recovery-only
public/audio/a1/rendez-vous/coiffeur.m4a,external-francais-b1-audio-humanisation;external-francais-b1-final-launch,d9eedb22c760f95a945917361cbce25d20bf35caf975bb6314c839ff1e6ac9c4,97192,m4a,22.758,lib/pedagogy/audio/a1/manifest.ts,referenced,selected-final-launch
public/audio/a1/rendez-vous/prendre-rendez-vous-medecin.m4a,external-francais-b1-diagnostic-progress;external-francais-b1-launch-polish;external-francais-b1-positioning;external-francais-b1-release-candidate;external-francais-b1-v1-polish;internal-francais-b1-a1-audio2;internal-francais-b1-integration-a1a2b1;internal-francais-b1-positioning;internal-francais-b1-product-integration;internal-francais-b1-v1-polish;main,05e11a2674b3230d9a0e6872ff699bbd0e235f7b695ca145ad0b0d50d66f3fed,82765,m4a,15.868,lib/pedagogy/audio/a1/manifest.ts,referenced,retained-in-recovery-only
public/audio/a1/rendez-vous/prendre-rendez-vous-medecin.m4a,internal-francais-b1-a1-audio,eecf1c96c2c1fdc5a34e80db8379684bd228281192d160932c2d5b1a31f558bb,82765,m4a,15.868,lib/pedagogy/audio/a1/manifest.ts,referenced,retained-in-recovery-only
public/audio/a1/rendez-vous/prendre-rendez-vous-medecin.m4a,external-francais-b1-audio-humanisation;external-francais-b1-final-launch,eededbc95b796feab48f247b50aedba14b440a53d363c301601224b1de384f34,99852,m4a,23.428,lib/pedagogy/audio/a1/manifest.ts,referenced,selected-final-launch
public/audio/a1/rendez-vous/rejoindre-un-ami.m4a,external-francais-b1-audio-humanisation;external-francais-b1-diagnostic-progress;external-francais-b1-final-launch;external-francais-b1-launch-polish;external-francais-b1-positioning;external-francais-b1-release-candidate;external-francais-b1-v1-polish;internal-francais-b1-integration-a1a2b1;internal-francais-b1-positioning;internal-francais-b1-product-integration;internal-francais-b1-v1-polish;main,9672272ffd4fd82787393499ffc08c58f44efcf17f77736e8edec33f34729ef0,54445,m4a,14.214,lib/pedagogy/audio/a1/manifest.ts,referenced,selected-final-launch
public/audio/a1/salutations/au-revoir.m4a,external-francais-b1-audio-humanisation;external-francais-b1-final-launch,0bcf24109475f12eefc91264c73471bba6480b425a290af05c5dc8a6315f5e8c,97216,m4a,18.742,lib/pedagogy/audio/a1/manifest.ts,referenced,selected-final-launch
public/audio/a1/salutations/au-revoir.m4a,external-francais-b1-diagnostic-progress;external-francais-b1-launch-polish;external-francais-b1-positioning;external-francais-b1-release-candidate;external-francais-b1-v1-polish;internal-francais-b1-a1-audio2;internal-francais-b1-integration-a1a2b1;internal-francais-b1-positioning;internal-francais-b1-product-integration;internal-francais-b1-v1-polish;main,0d7b735e9b5efb6c2bc61946abc895627f570154064b9a6f688ff3d9de45fe1b,97008,m4a,18.758,lib/pedagogy/audio/a1/manifest.ts,referenced,retained-in-recovery-only
public/audio/a1/salutations/au-revoir.m4a,internal-francais-b1-a1-audio,1bdb172327bcf659166d0c10a53ca782a2462880e029606451c959e269c192fe,97008,m4a,18.758,lib/pedagogy/audio/a1/manifest.ts,referenced,retained-in-recovery-only
public/audio/a1/salutations/bonjour-matin.m4a,internal-francais-b1-a1-audio,44f05218de9ece69341ee322ca7d6933da0e099293a5f142e8358cdd7a03148c,113347,m4a,15.280,lib/pedagogy/audio/a1/manifest.ts,referenced,retained-in-recovery-only
public/audio/a1/salutations/bonjour-matin.m4a,external-francais-b1-diagnostic-progress;external-francais-b1-launch-polish;external-francais-b1-positioning;external-francais-b1-release-candidate;external-francais-b1-v1-polish;internal-francais-b1-a1-audio2;internal-francais-b1-integration-a1a2b1;internal-francais-b1-positioning;internal-francais-b1-product-integration;internal-francais-b1-v1-polish;main,611d18e4aed241916db3105842deef3eff09a8ec922b4e51546571425cb3fcc3,113347,m4a,15.280,lib/pedagogy/audio/a1/manifest.ts,referenced,retained-in-recovery-only
public/audio/a1/salutations/bonjour-matin.m4a,external-francais-b1-audio-humanisation;external-francais-b1-final-launch,a1347c0bdfb354ab7e9ffd18f951976fefd0c934ecf5085922fdcd189c623567,119029,m4a,16.128,lib/pedagogy/audio/a1/manifest.ts,referenced,selected-final-launch
public/audio/a1/salutations/comment-ca-va.m4a,external-francais-b1-audio-humanisation;external-francais-b1-final-launch,26505c48ba3301335237f38ba56535cdad57354b38141ad46c65ce16a04a2fba,79554,m4a,20.743,lib/pedagogy/audio/a1/manifest.ts,referenced,selected-final-launch
public/audio/a1/salutations/comment-ca-va.m4a,internal-francais-b1-a1-audio,68a5b3b84a7fa4a70f850f22cb0fb303ea6026f03080ea861f57ed0e12e26e52,76703,m4a,20.663,lib/pedagogy/audio/a1/manifest.ts,referenced,retained-in-recovery-only
public/audio/a1/salutations/comment-ca-va.m4a,external-francais-b1-diagnostic-progress;external-francais-b1-launch-polish;external-francais-b1-positioning;external-francais-b1-release-candidate;external-francais-b1-v1-polish;internal-francais-b1-integration-a1a2b1;internal-francais-b1-positioning;internal-francais-b1-product-integration;internal-francais-b1-v1-polish;main,c88104c10e9380e54a079036809b1368a70b66ddaafa367fece4d7f7e4ec105c,76703,m4a,20.663,lib/pedagogy/audio/a1/manifest.ts,referenced,retained-in-recovery-only
public/audio/a1/salutations/se-presenter.m4a,internal-francais-b1-a1-audio,77e9ae4b6b6640067dd17ffb1ec121d623ccdc14d05a9c498e1f72696ab8ebd5,52489,m4a,11.479,lib/pedagogy/audio/a1/manifest.ts,referenced,retained-in-recovery-only
public/audio/a1/salutations/se-presenter.m4a,external-francais-b1-diagnostic-progress;external-francais-b1-launch-polish;external-francais-b1-positioning;external-francais-b1-release-candidate;external-francais-b1-v1-polish;internal-francais-b1-a1-audio2;internal-francais-b1-integration-a1a2b1;internal-francais-b1-positioning;internal-francais-b1-product-integration;internal-francais-b1-v1-polish;main,98e78e999950d11168a5422f8cb42a713213d16b20ea1c2205b8d6a0ec26f0b8,52489,m4a,11.479,lib/pedagogy/audio/a1/manifest.ts,referenced,retained-in-recovery-only
public/audio/a1/salutations/se-presenter.m4a,external-francais-b1-audio-humanisation;external-francais-b1-final-launch,f7b71167c6d53c9fdb18ef621acff585ee66cddafdf32d638f54a29633d20a9b,52489,m4a,11.479,lib/pedagogy/audio/a1/manifest.ts,referenced,selected-final-launch
public/audio/a1/transports/acheter-billet.m4a,external-francais-b1-audio-humanisation;external-francais-b1-final-launch,0a8fc9700616eaa25f200251c8a68d31eab59cca49e494c614ca7009973f8857,59426,m4a,12.280,lib/pedagogy/audio/a1/manifest.ts,referenced,selected-final-launch
public/audio/a1/transports/acheter-billet.m4a,external-francais-b1-diagnostic-progress;external-francais-b1-launch-polish;external-francais-b1-positioning;external-francais-b1-release-candidate;external-francais-b1-v1-polish;internal-francais-b1-a1-audio2;internal-francais-b1-positioning;internal-francais-b1-product-integration;internal-francais-b1-v1-polish;main,caede0c2e9ebd9de2a901a26e3218a003b7467c05ff0b3295c9b2a1bf8be3029,57682,m4a,11.944,lib/pedagogy/audio/a1/manifest.ts,referenced,retained-in-recovery-only
public/audio/a1/transports/annonce-quai.m4a,external-francais-b1-audio-humanisation;external-francais-b1-diagnostic-progress;external-francais-b1-final-launch;external-francais-b1-launch-polish;external-francais-b1-positioning;external-francais-b1-release-candidate;external-francais-b1-v1-polish;internal-francais-b1-integration-a1a2b1;internal-francais-b1-positioning;internal-francais-b1-product-integration;internal-francais-b1-v1-polish;main,856aee097018ee929a0022dfe091f42f451828bef4bbf7ab0455dbeb33545756,35533,m4a,5.308,lib/pedagogy/audio/a1/manifest.ts,referenced,selected-final-launch
public/audio/a1/transports/annonce-quai.m4a,internal-francais-b1-a1-audio,f5e86f5e0dd7605f91becc4a6d30330aca1d95b866a37b6d18599eeb86f5b4be,35533,m4a,5.308,lib/pedagogy/audio/a1/manifest.ts,referenced,retained-in-recovery-only
public/audio/a1/transports/bus-horaire.m4a,internal-francais-b1-a1-audio,3e5bdffdab030204815f055aa932b08c3d85d94ecf2453a6c4b0b28fc90993eb,74332,m4a,17.342,lib/pedagogy/audio/a1/manifest.ts,referenced,retained-in-recovery-only
public/audio/a1/transports/bus-horaire.m4a,external-francais-b1-audio-humanisation;external-francais-b1-final-launch,bff43b41224a631f832b8aa67b2d40aa9af3efcb409125ff47a16c389b358f85,75562,m4a,17.742,lib/pedagogy/audio/a1/manifest.ts,referenced,selected-final-launch
public/audio/a1/transports/bus-horaire.m4a,external-francais-b1-diagnostic-progress;external-francais-b1-launch-polish;external-francais-b1-positioning;external-francais-b1-release-candidate;external-francais-b1-v1-polish;internal-francais-b1-a1-audio2;internal-francais-b1-integration-a1a2b1;internal-francais-b1-positioning;internal-francais-b1-product-integration;internal-francais-b1-v1-polish;main,d9781108ffae2b8e6617d66e2c2590dbb1b3aa3aa37dc9cde17117ebdfdb731d,74332,m4a,17.342,lib/pedagogy/audio/a1/manifest.ts,referenced,retained-in-recovery-only
public/audio/a1/transports/retard-train.m4a,external-francais-b1-audio-humanisation;external-francais-b1-diagnostic-progress;external-francais-b1-final-launch;external-francais-b1-launch-polish;external-francais-b1-positioning;external-francais-b1-release-candidate;external-francais-b1-v1-polish;internal-francais-b1-a1-audio2;internal-francais-b1-integration-a1a2b1;internal-francais-b1-positioning;internal-francais-b1-product-integration;internal-francais-b1-v1-polish;main,1b2a82bdcee2d9642a7fbb060eccd63346c4cd0859113df5cac07b2781684bf6,88275,m4a,12.449,lib/pedagogy/audio/a1/manifest.ts,referenced,selected-final-launch
public/audio/a1/transports/retard-train.m4a,internal-francais-b1-a1-audio,4a5d9ad8d3a9596a454d00b3bb3fba66190cbe7cbefb8a88fcf422acc78694a4,88275,m4a,12.449,lib/pedagogy/audio/a1/manifest.ts,referenced,retained-in-recovery-only
public/audio/a2/a2-achats-boulangerie.m4a,external-francais-b1-audio-humanisation;external-francais-b1-diagnostic-progress;external-francais-b1-final-launch;external-francais-b1-launch-polish;external-francais-b1-positioning;external-francais-b1-release-candidate;external-francais-b1-v1-polish;internal-francais-b1-a2-audio-recovered-backup;internal-francais-b1-positioning;internal-francais-b1-product-integration;internal-francais-b1-v1-polish;main,a5e8ebba45423e01528722d6f10ce6cb67c3f1e308d41f149a4a04a667ee0e76,144662,m4a,35.226,lib/pedagogy/audio/a2/manifest.ts,referenced,selected-final-launch
public/audio/a2/a2-annonce-gare-perturbation.m4a,external-francais-b1-audio-humanisation;external-francais-b1-diagnostic-progress;external-francais-b1-final-launch;external-francais-b1-launch-polish;external-francais-b1-positioning;external-francais-b1-release-candidate;external-francais-b1-v1-polish;internal-francais-b1-a2-audio-recovered-backup;internal-francais-b1-integration-a1a2b1;internal-francais-b1-positioning;internal-francais-b1-product-integration;internal-francais-b1-v1-polish;main,9edc1129569e028c7c07ac1b2a0bd2ce32293550544945c8b21f3da04c168343,124912,m4a,30.286,lib/pedagogy/audio/a2/manifest.ts,referenced,selected-final-launch
public/audio/a2/a2-appel-service-client-colis.m4a,external-francais-b1-audio-humanisation;external-francais-b1-final-launch,af3b047adb7aee82ec2d285aba967e4506a0213c5fb6d3d6634e928730059e92,210979,m4a,51.144,lib/pedagogy/audio/a2/manifest.ts,referenced,selected-final-launch
public/audio/a2/a2-appel-service-client-colis.m4a,external-francais-b1-diagnostic-progress;external-francais-b1-launch-polish;external-francais-b1-positioning;external-francais-b1-release-candidate;external-francais-b1-v1-polish;internal-francais-b1-a2-audio;internal-francais-b1-a2-audio-recovered-backup;internal-francais-b1-positioning;internal-francais-b1-product-integration;internal-francais-b1-v1-polish;main,ceac97d62f634ac2ecd3150dec68b108c0b08c6dec3e375337792ac1ace7dd41,210726,m4a,51.154,lib/pedagogy/audio/a2/manifest.ts,referenced,retained-in-recovery-only
public/audio/a2/a2-copropriete-reunion-travaux.m4a,external-francais-b1-audio-humanisation;external-francais-b1-diagnostic-progress;external-francais-b1-final-launch;external-francais-b1-launch-polish;external-francais-b1-positioning;external-francais-b1-release-candidate;external-francais-b1-v1-polish;internal-francais-b1-a2-audio-recovered-backup;internal-francais-b1-integration-a1a2b1;internal-francais-b1-positioning;internal-francais-b1-product-integration;internal-francais-b1-v1-polish;main,a757dc4d4d2764b3789dcaf1f68091c2fa91f519c7a09507de7c38fe1d749578,196880,m4a,49.835,lib/pedagogy/audio/a2/manifest.ts,referenced,selected-final-launch
public/audio/a2/a2-directions-poste-banque.m4a,external-francais-b1-audio-humanisation;external-francais-b1-final-launch,d20d6cb3e5bf577da628d9585b98e0b89dad4e9f55366e65a60f42a98c4b5673,140792,m4a,33.926,lib/pedagogy/audio/a2/manifest.ts,referenced,selected-final-launch
public/audio/a2/a2-evenement-anniversaire-surprise.m4a,external-francais-b1-audio-humanisation;external-francais-b1-diagnostic-progress;external-francais-b1-final-launch;external-francais-b1-launch-polish;external-francais-b1-positioning;external-francais-b1-release-candidate;external-francais-b1-v1-polish;internal-francais-b1-integration-a1a2b1;internal-francais-b1-positioning;internal-francais-b1-product-integration;internal-francais-b1-v1-polish;main,3c893d8f5dc01fe3b278c0e68c74617cf35bde3ec69e59383387a8f55640d7d9,182700,m4a,48.340,lib/pedagogy/audio/a2/manifest.ts,referenced,selected-final-launch
public/audio/a2/a2-famille-message-presentation.m4a,external-francais-b1-audio-humanisation;external-francais-b1-diagnostic-progress;external-francais-b1-final-launch;external-francais-b1-launch-polish;external-francais-b1-positioning;external-francais-b1-release-candidate;external-francais-b1-v1-polish;internal-francais-b1-a2-audio;internal-francais-b1-integration-a1a2b1;internal-francais-b1-positioning;internal-francais-b1-product-integration;internal-francais-b1-v1-polish;main,f27f2eae403a0246b338adf182ccb937be94f155ed83a58c20b963b3008d34ff,117690,m4a,26.722,lib/pedagogy/audio/a2/manifest.ts,referenced,selected-final-launch
public/audio/a2/a2-hotel-reservation-dates.m4a,external-francais-b1-diagnostic-progress;external-francais-b1-launch-polish;external-francais-b1-positioning;external-francais-b1-release-candidate;external-francais-b1-v1-polish;internal-francais-b1-a2-audio;internal-francais-b1-integration-a1a2b1;internal-francais-b1-positioning;internal-francais-b1-product-integration;internal-francais-b1-v1-polish;main,026a76b9b4fea6fc308c204c49797c0d0b0f3826f4f7b2d7ba69dea547e8b2db,152517,m4a,40.494,lib/pedagogy/audio/a2/manifest.ts,referenced,retained-in-recovery-only
public/audio/a2/a2-hotel-reservation-dates.m4a,external-francais-b1-audio-humanisation;external-francais-b1-final-launch,7064a82d479fd17d4330f11af5a8c3a027a884e207dab07cde95e4425cba8119,153605,m4a,40.574,lib/pedagogy/audio/a2/manifest.ts,referenced,selected-final-launch
public/audio/a2/a2-interview-simple-metiers.m4a,external-francais-b1-diagnostic-progress;external-francais-b1-launch-polish;external-francais-b1-positioning;external-francais-b1-release-candidate;external-francais-b1-v1-polish;internal-francais-b1-a2-audio;internal-francais-b1-integration-a1a2b1;internal-francais-b1-positioning;internal-francais-b1-product-integration;internal-francais-b1-v1-polish;main,9e662f9c0c3a2fcc73504da5c8f91fd41ab243450a66cd070ae7bbe5d4035690,125910,m4a,33.260,lib/pedagogy/audio/a2/manifest.ts,referenced,retained-in-recovery-only
public/audio/a2/a2-interview-simple-metiers.m4a,external-francais-b1-audio-humanisation;external-francais-b1-final-launch,d976762ae156114ecc0951d915d902b01c4e889ab0102c35f997da4d1dfc13d0,129827,m4a,34.092,lib/pedagogy/audio/a2/manifest.ts,referenced,selected-final-launch
public/audio/a2/a2-invitation-mariage-repondeur.m4a,external-francais-b1-audio-humanisation;external-francais-b1-diagnostic-progress;external-francais-b1-final-launch;external-francais-b1-launch-polish;external-francais-b1-positioning;external-francais-b1-release-candidate;external-francais-b1-v1-polish;internal-francais-b1-a2-audio;internal-francais-b1-a2-audio-recovered-backup;internal-francais-b1-integration-a1a2b1;internal-francais-b1-positioning;internal-francais-b1-product-integration;internal-francais-b1-v1-polish;main,aeb05ec12a94735ac5e8f11cc6bf0032728f68ac7368b0c6c05db3a7c604d567,133840,m4a,32.350,lib/pedagogy/audio/a2/manifest.ts,referenced,selected-final-launch
public/audio/a2/a2-logement-appel-agence.m4a,external-francais-b1-diagnostic-progress;external-francais-b1-launch-polish;external-francais-b1-positioning;external-francais-b1-release-candidate;external-francais-b1-v1-polish;internal-francais-b1-a2-audio;internal-francais-b1-a2-audio-recovered-backup;internal-francais-b1-positioning;internal-francais-b1-product-integration;internal-francais-b1-v1-polish;main,aebde122ce2439eb60d35b98ed6d4343c199097625693694ffa558dc1223da10,157650,m4a,39.464,lib/pedagogy/audio/a2/manifest.ts,referenced,retained-in-recovery-only
public/audio/a2/a2-logement-appel-agence.m4a,external-francais-b1-audio-humanisation;external-francais-b1-final-launch,e9480cc10233105dae0e18005333ac102128841b3aea6acf94093e310fdc452c,159962,m4a,39.696,lib/pedagogy/audio/a2/manifest.ts,referenced,selected-final-launch
public/audio/a2/a2-logement-fuite-eau-plombier.m4a,external-francais-b1-audio-humanisation;external-francais-b1-final-launch,55d8ce5cbb07a981de221b1ec8a0ed0e085d0f50463196ac2d4f6ebe825be137,185422,m4a,45.164,lib/pedagogy/audio/a2/manifest.ts,referenced,selected-final-launch
public/audio/a2/a2-logement-fuite-eau-plombier.m4a,external-francais-b1-diagnostic-progress;external-francais-b1-launch-polish;external-francais-b1-positioning;external-francais-b1-release-candidate;external-francais-b1-v1-polish;internal-francais-b1-a2-audio;internal-francais-b1-integration-a1a2b1;internal-francais-b1-positioning;internal-francais-b1-product-integration;internal-francais-b1-v1-polish;main,b668a47b2fb5fc5f5dea494664134f96d9eee5c03686133726cb5b62c36e2614,176853,m4a,43.184,lib/pedagogy/audio/a2/manifest.ts,referenced,retained-in-recovery-only
public/audio/a2/a2-loisirs-invitation-vocale.m4a,external-francais-b1-audio-humanisation;external-francais-b1-diagnostic-progress;external-francais-b1-final-launch;external-francais-b1-launch-polish;external-francais-b1-positioning;external-francais-b1-release-candidate;external-francais-b1-v1-polish;internal-francais-b1-a2-audio;internal-francais-b1-a2-audio-recovered-backup;internal-francais-b1-integration-a1a2b1;internal-francais-b1-positioning;internal-francais-b1-product-integration;internal-francais-b1-v1-polish;main,0ea259b06a15d0dc5311d767b322705c912884728e17212f1e1e35698b084b22,62682,m4a,15.615,lib/pedagogy/audio/a2/manifest.ts,referenced,selected-final-launch
public/audio/a2/a2-medecin-suivi-consultation.m4a,external-francais-b1-audio-humanisation;external-francais-b1-final-launch,8439b9b6dcace0e9eb7faa3f649b3138a1b7b4f95c35489a2e2da408195834c3,218868,m4a,53.742,lib/pedagogy/audio/a2/manifest.ts,referenced,selected-final-launch
public/audio/a2/a2-medecin-suivi-consultation.m4a,external-francais-b1-diagnostic-progress;external-francais-b1-launch-polish;external-francais-b1-positioning;external-francais-b1-release-candidate;external-francais-b1-v1-polish;internal-francais-b1-a2-audio;internal-francais-b1-a2-audio-recovered-backup;internal-francais-b1-integration-a1a2b1;internal-francais-b1-positioning;internal-francais-b1-product-integration;internal-francais-b1-v1-polish;main,9052ca635c0f2ae74698e2e9da63a26451d5f846033de3359b10e2990d305529,217966,m4a,53.486,lib/pedagogy/audio/a2/manifest.ts,referenced,retained-in-recovery-only
public/audio/a2/a2-meteo-bulletin-court.m4a,external-francais-b1-audio-humanisation;external-francais-b1-diagnostic-progress;external-francais-b1-final-launch;external-francais-b1-launch-polish;external-francais-b1-positioning;external-francais-b1-release-candidate;external-francais-b1-v1-polish;internal-francais-b1-integration-a1a2b1;internal-francais-b1-positioning;internal-francais-b1-product-integration;internal-francais-b1-v1-polish;main,a4dd77c4870647c27e039937e90ee9bca961a964660637b45279b28aa5ebf967,74568,m4a,18.638,lib/pedagogy/audio/a2/manifest.ts,referenced,selected-final-launch
public/audio/a2/a2-pharmacie-conseil.m4a,external-francais-b1-diagnostic-progress;external-francais-b1-launch-polish;external-francais-b1-positioning;external-francais-b1-release-candidate;external-francais-b1-v1-polish;internal-francais-b1-a2-audio;internal-francais-b1-a2-audio-recovered-backup;internal-francais-b1-positioning;internal-francais-b1-product-integration;internal-francais-b1-v1-polish;main,149f08601c93b23a8187d274fcdf820af6a9d164df9208fcee76a3f64cfc2044,145271,m4a,39.125,lib/pedagogy/audio/a2/manifest.ts,referenced,retained-in-recovery-only
public/audio/a2/a2-pharmacie-conseil.m4a,external-francais-b1-audio-humanisation;external-francais-b1-final-launch,810e2b26e519ede9ebdf0c9d1aa33c1f2c81004f6e3b70de7bdc11728e3173d5,145673,m4a,39.749,lib/pedagogy/audio/a2/manifest.ts,referenced,selected-final-launch
public/audio/a2/a2-programme-radio-culturel.m4a,external-francais-b1-audio-humanisation;external-francais-b1-diagnostic-progress;external-francais-b1-final-launch;external-francais-b1-launch-polish;external-francais-b1-positioning;external-francais-b1-release-candidate;external-francais-b1-v1-polish;internal-francais-b1-a2-audio;internal-francais-b1-a2-audio-recovered-backup;internal-francais-b1-integration-a1a2b1;internal-francais-b1-positioning;internal-francais-b1-product-integration;internal-francais-b1-v1-polish;main,3bd60504670c13ece24994d75798e3523168580aef95dfc66b5c34e7093866cf,118494,m4a,28.505,lib/pedagogy/audio/a2/manifest.ts,referenced,selected-final-launch
public/audio/a2/a2-projet-vacances-couple.m4a,external-francais-b1-audio-humanisation;external-francais-b1-diagnostic-progress;external-francais-b1-final-launch;external-francais-b1-launch-polish;external-francais-b1-positioning;external-francais-b1-release-candidate;external-francais-b1-v1-polish;internal-francais-b1-a2-audio;internal-francais-b1-integration-a1a2b1;internal-francais-b1-positioning;internal-francais-b1-product-integration;internal-francais-b1-v1-polish;main,6538dbccd05be50f99cc41c1007461aee49665828ac9ba73fa9830cd1d901c4c,163450,m4a,39.655,lib/pedagogy/audio/a2/manifest.ts,referenced,selected-final-launch
public/audio/a2/a2-quotidien-routine-matin.m4a,external-francais-b1-audio-humanisation;external-francais-b1-diagnostic-progress;external-francais-b1-final-launch;external-francais-b1-launch-polish;external-francais-b1-positioning;external-francais-b1-release-candidate;external-francais-b1-v1-polish;internal-francais-b1-a2-audio;internal-francais-b1-integration-a1a2b1;internal-francais-b1-positioning;internal-francais-b1-product-integration;internal-francais-b1-v1-polish;main,ddd52cb55c611c177266c905343bb06352cc9931427a1ab6c6a91ca3d025a8a2,89430,m4a,25.682,lib/pedagogy/audio/a2/manifest.ts,referenced,selected-final-launch
public/audio/a2/a2-rdv-medecin-secretariat.m4a,external-francais-b1-audio-humanisation;external-francais-b1-final-launch,3269f0e2e52d5db58f444d2012bd5bc4d3295561702393761833ef8f5f21cd39,164607,m4a,40.460,lib/pedagogy/audio/a2/manifest.ts,referenced,selected-final-launch
public/audio/a2/a2-rdv-medecin-secretariat.m4a,external-francais-b1-diagnostic-progress;external-francais-b1-launch-polish;external-francais-b1-positioning;external-francais-b1-release-candidate;external-francais-b1-v1-polish;internal-francais-b1-a2-audio;internal-francais-b1-a2-audio-recovered-backup;internal-francais-b1-integration-a1a2b1;internal-francais-b1-positioning;internal-francais-b1-product-integration;internal-francais-b1-v1-polish;main,947b81e1571c3a30822bf9f39d461163a6a7cff90fb46724cf554ae3996bf4e7,159532,m4a,39.338,lib/pedagogy/audio/a2/manifest.ts,referenced,retained-in-recovery-only
public/audio/a2/a2-recit-voyage-etranger.m4a,external-francais-b1-audio-humanisation;external-francais-b1-diagnostic-progress;external-francais-b1-final-launch;external-francais-b1-launch-polish;external-francais-b1-positioning;external-francais-b1-release-candidate;external-francais-b1-v1-polish;internal-francais-b1-integration-a1a2b1;internal-francais-b1-positioning;internal-francais-b1-product-integration;internal-francais-b1-v1-polish;main,d72754c213e04aed7fbe932be3c6180caf75dc0b148e7c6cd1e44ce3f9841524,211167,m4a,55.852,lib/pedagogy/audio/a2/manifest.ts,referenced,selected-final-launch
public/audio/a2/a2-recit-weekend-entre-amies.m4a,external-francais-b1-diagnostic-progress;external-francais-b1-launch-polish;external-francais-b1-positioning;external-francais-b1-release-candidate;external-francais-b1-v1-polish;internal-francais-b1-a2-audio-recovered-backup;internal-francais-b1-integration-a1a2b1;internal-francais-b1-positioning;internal-francais-b1-product-integration;internal-francais-b1-v1-polish;main,95cdcee3788cda1810f8dff2cb977d6b7c86ba47a863da239df89eea3d790fb5,180437,m4a,46.092,lib/pedagogy/audio/a2/manifest.ts,referenced,retained-in-recovery-only
public/audio/a2/a2-recit-weekend-entre-amies.m4a,external-francais-b1-audio-humanisation;external-francais-b1-final-launch,9fa0e8bf717705d80bde68196c55d5e78d6a078ffb97159bf8ea30ce8b4c956b,193420,m4a,49.676,lib/pedagogy/audio/a2/manifest.ts,referenced,selected-final-launch
public/audio/a2/a2-repondeur-rdv-annule.m4a,external-francais-b1-audio-humanisation;external-francais-b1-diagnostic-progress;external-francais-b1-final-launch;external-francais-b1-launch-polish;external-francais-b1-positioning;external-francais-b1-release-candidate;external-francais-b1-v1-polish;internal-francais-b1-a2-audio;internal-francais-b1-integration-a1a2b1;internal-francais-b1-positioning;internal-francais-b1-product-integration;internal-francais-b1-v1-polish;main,6525cdfb0afbf3745785e46e19d0a7ff91ca5847fe224c5890c1b4d754972e20,89426,m4a,22.030,lib/pedagogy/audio/a2/manifest.ts,referenced,selected-final-launch
public/audio/a2/a2-restaurant-reservation-telephone.m4a,external-francais-b1-audio-humanisation;external-francais-b1-diagnostic-progress;external-francais-b1-final-launch;external-francais-b1-launch-polish;external-francais-b1-positioning;external-francais-b1-release-candidate;external-francais-b1-v1-polish;internal-francais-b1-a2-audio;internal-francais-b1-a2-audio-recovered-backup;internal-francais-b1-integration-a1a2b1;internal-francais-b1-positioning;internal-francais-b1-product-integration;internal-francais-b1-v1-polish;main,e8e198798e09d208a9dcb6c04865e18fe6355443b526e4dd0b3c35c89f8a1d41,162761,m4a,39.915,lib/pedagogy/audio/a2/manifest.ts,referenced,selected-final-launch
public/audio/a2/a2-reunion-projet-collegues.m4a,external-francais-b1-audio-humanisation;external-francais-b1-diagnostic-progress;external-francais-b1-final-launch;external-francais-b1-launch-polish;external-francais-b1-positioning;external-francais-b1-release-candidate;external-francais-b1-v1-polish;internal-francais-b1-a2-audio;internal-francais-b1-a2-audio-recovered-backup;internal-francais-b1-integration-a1a2b1;internal-francais-b1-positioning;internal-francais-b1-product-integration;internal-francais-b1-v1-polish;main,a1bba5ff02492ad322fe8d9f79b058b2181c4652a5076c49e800a2e18a2cc9cf,196015,m4a,48.891,lib/pedagogy/audio/a2/manifest.ts,referenced,selected-final-launch
public/audio/a2/a2-transport-annonce-gare-simple.m4a,external-francais-b1-audio-humanisation;external-francais-b1-diagnostic-progress;external-francais-b1-final-launch;external-francais-b1-launch-polish;external-francais-b1-positioning;external-francais-b1-release-candidate;external-francais-b1-v1-polish;internal-francais-b1-a2-audio;internal-francais-b1-a2-audio-recovered-backup;internal-francais-b1-integration-a1a2b1;internal-francais-b1-positioning;internal-francais-b1-product-integration;internal-francais-b1-v1-polish;main,9a7a8333682c9af17c31f1276e69b3bcc0b34babc22abe123fa8871820454986,49384,m4a,11.791,lib/pedagogy/audio/a2/manifest.ts,referenced,selected-final-launch
public/audio/a2/a2-travail-nouveau-collegue.m4a,external-francais-b1-diagnostic-progress;external-francais-b1-launch-polish;external-francais-b1-positioning;external-francais-b1-release-candidate;external-francais-b1-v1-polish;internal-francais-b1-a2-audio;internal-francais-b1-a2-audio-recovered-backup;internal-francais-b1-integration-a1a2b1;internal-francais-b1-positioning;internal-francais-b1-product-integration;internal-francais-b1-v1-polish;main,1881dedd747a48d37d4df23907c0c575190674ba7d9574be4d33ddfb0e74fc44,214945,m4a,52.494,lib/pedagogy/audio/a2/manifest.ts,referenced,retained-in-recovery-only
public/audio/a2/a2-travail-nouveau-collegue.m4a,external-francais-b1-audio-humanisation;external-francais-b1-final-launch,8173e9ea0c5178d6ac7eb071b0c0bed44821377d3970ac5312848be5d9e19470,213863,m4a,52.181,lib/pedagogy/audio/a2/manifest.ts,referenced,selected-final-launch
public/audio/a2/bilan-a2-annonce-aeroport.m4a,external-francais-b1-audio-humanisation;external-francais-b1-diagnostic-progress;external-francais-b1-final-launch;external-francais-b1-launch-polish;external-francais-b1-positioning;external-francais-b1-release-candidate;external-francais-b1-v1-polish;internal-francais-b1-a2-audio-recovered-backup;internal-francais-b1-integration-a1a2b1;internal-francais-b1-positioning;internal-francais-b1-product-integration;internal-francais-b1-v1-polish;main,4013c0443919d5d825174c16d9ed8a2c534434392aee9d46633af8063f8bf122,59826,m4a,14.543,lib/pedagogy/audio/a2/manifest.ts,referenced,selected-final-launch
public/audio/a2/bilan-a2-dialogue-patinoire.m4a,external-francais-b1-audio-humanisation;external-francais-b1-diagnostic-progress;external-francais-b1-final-launch;external-francais-b1-launch-polish;external-francais-b1-positioning;external-francais-b1-release-candidate;external-francais-b1-v1-polish;internal-francais-b1-a2-audio;internal-francais-b1-integration-a1a2b1;internal-francais-b1-positioning;internal-francais-b1-product-integration;internal-francais-b1-v1-polish;main,9095bb2e94037ac7cf3763bf71068ccb45da0e06f5f3578863ab532b91b4898b,97697,m4a,26.074,lib/pedagogy/audio/a2/manifest.ts,referenced,selected-final-launch
public/audio/a2/bilan-a2-recit-journee-chronologie.m4a,external-francais-b1-diagnostic-progress;external-francais-b1-launch-polish;external-francais-b1-positioning;external-francais-b1-release-candidate;external-francais-b1-v1-polish;internal-francais-b1-a2-audio;internal-francais-b1-a2-audio-recovered-backup;internal-francais-b1-integration-a1a2b1;internal-francais-b1-positioning;internal-francais-b1-product-integration;internal-francais-b1-v1-polish;main,8618acd3e07bd9160ce0bae3ec9f8f686ed3469631e6644e39f1a1d2a690da46,120777,m4a,29.023,lib/pedagogy/audio/a2/manifest.ts,referenced,retained-in-recovery-only
public/audio/a2/bilan-a2-recit-journee-chronologie.m4a,external-francais-b1-audio-humanisation;external-francais-b1-final-launch,feca286cdcbdefd792f940aa8ed54a97720bf5089f4e6f4208ca3cf6b9729491,125160,m4a,30.191,lib/pedagogy/audio/a2/manifest.ts,referenced,selected-final-launch
public/audio/a2/bilan-a2-repondeur-coiffeur.m4a,external-francais-b1-audio-humanisation;external-francais-b1-diagnostic-progress;external-francais-b1-final-launch;external-francais-b1-launch-polish;external-francais-b1-positioning;external-francais-b1-release-candidate;external-francais-b1-v1-polish;internal-francais-b1-a2-audio-recovered-backup;internal-francais-b1-integration-a1a2b1;internal-francais-b1-positioning;internal-francais-b1-product-integration;internal-francais-b1-v1-polish;main,537dc2ade6d782bf5ff7ee290b58d380058fec80a4c4ae8f97fc45af59ab5b6c,75769,m4a,18.430,lib/pedagogy/audio/a2/manifest.ts,referenced,selected-final-launch
public/audio/b1/aller-chez-le-medecin.m4a,internal-francais-b1-audio;internal-francais-b1-contenus;internal-francais-b1-conversion;internal-francais-b1-integration;internal-francais-b1-performance;internal-francais-b1-seo;internal-francais-b1-ux,1aa9cb3909295ef3856173d370b6f8aebc35d6b8dd8d329bf46949ddf4d91224,164028,m4a,38.383,lib/pedagogy/audio/manifest.ts,referenced,retained-in-recovery-only
public/audio/b1/aller-chez-le-medecin.m4a,external-francais-b1-diagnostic-progress;external-francais-b1-launch-polish;external-francais-b1-positioning;external-francais-b1-release-candidate;external-francais-b1-v1-polish;internal-francais-b1-a1-audio;internal-francais-b1-a1-audio2;internal-francais-b1-a1-content1;internal-francais-b1-a2-audio;internal-francais-b1-daily;internal-francais-b1-daily1;internal-francais-b1-diagnostic1;internal-francais-b1-integration-a1a2b1;internal-francais-b1-positioning;internal-francais-b1-product-integration;internal-francais-b1-review;internal-francais-b1-review1;internal-francais-b1-speaking;internal-francais-b1-speaking1;internal-francais-b1-v1-polish;main,357db852b8263d9bf53860e5924d35ef18c3c86e4738745c077d723254a6ecde,183882,m4a,44.313,lib/pedagogy/audio/manifest.ts,referenced,retained-in-recovery-only
public/audio/b1/aller-chez-le-medecin.m4a,external-francais-b1-audio-humanisation;external-francais-b1-final-launch,977e42d61830108519b889644f06afe5c708c6c6a4fb8d25f1e96ab5bef81e91,233816,m4a,40.271,lib/pedagogy/audio/manifest.ts,referenced,selected-final-launch
public/audio/b1/bilan-b1.m4a,external-francais-b1-audio-humanisation;external-francais-b1-diagnostic-progress;external-francais-b1-final-launch;external-francais-b1-launch-polish;external-francais-b1-positioning;external-francais-b1-release-candidate;external-francais-b1-v1-polish;internal-francais-b1-a1-audio;internal-francais-b1-a1-audio2;internal-francais-b1-a1-content;internal-francais-b1-a1-content1;internal-francais-b1-a2-audio;internal-francais-b1-a2-audio-recovered-backup;internal-francais-b1-a2-content;internal-francais-b1-a2-content1;internal-francais-b1-conversion;internal-francais-b1-daily;internal-francais-b1-daily1;internal-francais-b1-diagnostic;internal-francais-b1-diagnostic1;internal-francais-b1-lifecycle;internal-francais-b1-performance;internal-francais-b1-positioning;internal-francais-b1-product-integration;internal-francais-b1-review;internal-francais-b1-review1;internal-francais-b1-seo-editorial;internal-francais-b1-speaking;internal-francais-b1-speaking1;internal-francais-b1-v1-polish;main,79f8586a6367a057f7cdb1a5d3943a0768bff02be1226010ff02acdabf8e08c0,184426,m4a,45.988,lib/pedagogy/audio/manifest.ts,referenced,selected-final-launch
public/audio/b1/comprendre-un-courrier-simple.m4a,external-francais-b1-diagnostic-progress;external-francais-b1-launch-polish;external-francais-b1-positioning;external-francais-b1-release-candidate;external-francais-b1-v1-polish;internal-francais-b1-a1-audio;internal-francais-b1-a1-audio2;internal-francais-b1-a1-content1;internal-francais-b1-a2-audio;internal-francais-b1-a2-content;internal-francais-b1-a2-content1;internal-francais-b1-daily;internal-francais-b1-daily1;internal-francais-b1-diagnostic;internal-francais-b1-diagnostic1;internal-francais-b1-integration-a1a2b1;internal-francais-b1-positioning;internal-francais-b1-product-integration;internal-francais-b1-review;internal-francais-b1-review1;internal-francais-b1-speaking;internal-francais-b1-speaking1;internal-francais-b1-v1-polish;main,2b5face3447b3edfb4a4507618f8fbbf8b2bfe8b92aa69457f92de068ba5515e,155421,m4a,37.374,lib/pedagogy/audio/manifest.ts,referenced,retained-in-recovery-only
public/audio/b1/comprendre-un-courrier-simple.m4a,external-francais-b1-audio-humanisation;external-francais-b1-final-launch,8391e398d31e2a06fdf7c03a28d732ccc3683364c0c6a0ac02b9104149787851,214342,m4a,37.335,lib/pedagogy/audio/manifest.ts,referenced,selected-final-launch
public/audio/b1/comprendre-un-courrier-simple.m4a,internal-francais-b1-contenus;internal-francais-b1-conversion;internal-francais-b1-conversion 2;internal-francais-b1-integration;internal-francais-b1-lifecycle;internal-francais-b1-performance;internal-francais-b1-seo,c890f26652187a98b74a8699eba2e2ee994f08185d074aaece01a7c33fa9655c,138463,m4a,32.164,lib/pedagogy/audio/manifest.ts,referenced,retained-in-recovery-only
public/audio/b1/comprendre-une-demarche-administrative.m4a,external-francais-b1-audio-humanisation;external-francais-b1-final-launch,375cfbbf1855ddcb82a2e8db949897e4b449ea25ae53113baa1d9c93b594d0e5,282274,m4a,52.596,lib/pedagogy/audio/manifest.ts,referenced,selected-final-launch
public/audio/b1/comprendre-une-demarche-administrative.m4a,internal-francais-b1-analytics;internal-francais-b1-audio;internal-francais-b1-conversion;internal-francais-b1-conversion 2;internal-francais-b1-integration;internal-francais-b1-pedagogy-audit;internal-francais-b1-seo;internal-francais-b1-seo-editorial;internal-francais-b1-ux,c0be56941376574fbaf3ec340b96c158397b3871a18fcf6f96844806bd89cdfa,209225,m4a,49.570,lib/pedagogy/audio/manifest.ts,referenced,retained-in-recovery-only
public/audio/b1/comprendre-une-demarche-administrative.m4a,external-francais-b1-diagnostic-progress;external-francais-b1-launch-polish;external-francais-b1-positioning;external-francais-b1-release-candidate;external-francais-b1-v1-polish;internal-francais-b1-a1-audio2;internal-francais-b1-a1-content;internal-francais-b1-a1-content1;internal-francais-b1-a2-audio;internal-francais-b1-a2-audio-recovered-backup;internal-francais-b1-a2-content1;internal-francais-b1-daily1;internal-francais-b1-diagnostic;internal-francais-b1-diagnostic1;internal-francais-b1-integration-a1a2b1;internal-francais-b1-positioning;internal-francais-b1-product-integration;internal-francais-b1-speaking;internal-francais-b1-speaking1;internal-francais-b1-v1-polish;main,cc7f053e037777a0d1ee8f1ebeb56ed2716f858695ab1eb9a6c21cd26133194d,245570,m4a,60.793,lib/pedagogy/audio/manifest.ts,referenced,retained-in-recovery-only
public/audio/b1/decrire-vie-quotidienne.m4a,external-francais-b1-audio-humanisation;external-francais-b1-final-launch,26ef1ad4a58a76c25d8d5e3c089361c072711555b060ea993b8237909d1d0498,126120,m4a,32.056,lib/pedagogy/audio/manifest.ts,referenced,selected-final-launch
public/audio/b1/decrire-vie-quotidienne.m4a,internal-francais-b1-analytics;internal-francais-b1-audio;internal-francais-b1-conversion;internal-francais-b1-integration;internal-francais-b1-pedagogy-audit;internal-francais-b1-performance;internal-francais-b1-seo;internal-francais-b1-seo-editorial,7116b5448822509c7676b195a0ecfafd94e63cf1989b22a4317dfab2477a4481,127894,m4a,29.456,lib/pedagogy/audio/manifest.ts,referenced,retained-in-recovery-only
public/audio/b1/decrire-vie-quotidienne.m4a,external-francais-b1-diagnostic-progress;external-francais-b1-launch-polish;external-francais-b1-positioning;external-francais-b1-release-candidate;external-francais-b1-v1-polish;internal-francais-b1-a1-audio;internal-francais-b1-a1-audio2;internal-francais-b1-a1-content;internal-francais-b1-a1-content1;internal-francais-b1-a2-audio;internal-francais-b1-a2-audio-recovered-backup;internal-francais-b1-daily;internal-francais-b1-daily1;internal-francais-b1-diagnostic;internal-francais-b1-diagnostic1;internal-francais-b1-integration-a1a2b1;internal-francais-b1-positioning;internal-francais-b1-product-integration;internal-francais-b1-review;internal-francais-b1-review1;internal-francais-b1-speaking;internal-francais-b1-speaking1;internal-francais-b1-v1-polish,8f09d2d874668ebb45e4daa68109cfa13334beb33749fe11ae9947ecac6abc39,156247,m4a,40.435,lib/pedagogy/audio/manifest.ts,referenced,retained-in-recovery-only
public/audio/b1/discuter-avec-un-proprietaire.m4a,internal-francais-b1-contenus;internal-francais-b1-conversion;internal-francais-b1-integration;internal-francais-b1-lifecycle;internal-francais-b1-pedagogy-audit;internal-francais-b1-performance;internal-francais-b1-seo;internal-francais-b1-seo-editorial;internal-francais-b1-ux,430c9d6ad3607298c4ff8564b98cfe9c685baf8baa65e604bdfd652ab479f8aa,142993,m4a,33.272,lib/pedagogy/audio/manifest.ts,referenced,retained-in-recovery-only
public/audio/b1/discuter-avec-un-proprietaire.m4a,external-francais-b1-diagnostic-progress;external-francais-b1-launch-polish;external-francais-b1-positioning;external-francais-b1-release-candidate;external-francais-b1-v1-polish;internal-francais-b1-a1-audio;internal-francais-b1-a1-content;internal-francais-b1-a2-audio-recovered-backup;internal-francais-b1-a2-content;internal-francais-b1-daily;internal-francais-b1-daily1;internal-francais-b1-diagnostic;internal-francais-b1-positioning;internal-francais-b1-product-integration;internal-francais-b1-review;internal-francais-b1-review1;internal-francais-b1-speaking1;internal-francais-b1-v1-polish;main,8a4bc5daa6e9e5d4a5eefd63623893d7ff7fff7a8364f0e1bdd902f0a1016ced,174916,m4a,45.115,lib/pedagogy/audio/manifest.ts,referenced,retained-in-recovery-only
public/audio/b1/discuter-avec-un-proprietaire.m4a,external-francais-b1-audio-humanisation;external-francais-b1-final-launch,f4cc116b69bd39c82ef2607601d60c84ec0cd6ad5b4bf0b68b0c66d31c9feb9c,159787,m4a,38.671,lib/pedagogy/audio/manifest.ts,referenced,selected-final-launch
public/audio/b1/donner-son-opinion.m4a,external-francais-b1-diagnostic-progress;external-francais-b1-launch-polish;external-francais-b1-positioning;external-francais-b1-release-candidate;external-francais-b1-v1-polish;internal-francais-b1-a1-audio;internal-francais-b1-a1-content;internal-francais-b1-a1-content1;internal-francais-b1-a2-audio-recovered-backup;internal-francais-b1-daily;internal-francais-b1-daily1;internal-francais-b1-diagnostic;internal-francais-b1-diagnostic1;internal-francais-b1-integration-a1a2b1;internal-francais-b1-positioning;internal-francais-b1-product-integration;internal-francais-b1-review;internal-francais-b1-review1;internal-francais-b1-speaking;internal-francais-b1-speaking1;internal-francais-b1-v1-polish;main,38cb2c9502e19ecb419747898af687a04c1e7f0e8ae2905bc4242739e137088b,204810,m4a,50.395,lib/pedagogy/audio/manifest.ts,referenced,retained-in-recovery-only
public/audio/b1/donner-son-opinion.m4a,internal-francais-b1-audio;internal-francais-b1-lifecycle;internal-francais-b1-pedagogy-audit,9d85399d535a2d770fbf447f1bbd8ea6804fe9ce594c62e9370e24ed650e350b,177538,m4a,42.056,lib/pedagogy/audio/manifest.ts,referenced,retained-in-recovery-only
public/audio/b1/donner-son-opinion.m4a,external-francais-b1-audio-humanisation;external-francais-b1-final-launch,abd75194fee6fb730d180aa99edcfe2c65b340c07475c74acd064e5ed0a66a51,250811,m4a,45.186,lib/pedagogy/audio/manifest.ts,referenced,selected-final-launch
public/audio/b1/expliquer-un-probleme-et-demander-une-solution.m4a,external-francais-b1-audio-humanisation;external-francais-b1-final-launch,3f764702ca8223c0138c79c965484b8e1f81e74e194ebffdd7ae1af20e5678e0,296315,m4a,52.709,lib/pedagogy/audio/manifest.ts,referenced,selected-final-launch
public/audio/b1/expliquer-un-probleme-et-demander-une-solution.m4a,external-francais-b1-diagnostic-progress;external-francais-b1-launch-polish;external-francais-b1-positioning;external-francais-b1-release-candidate;external-francais-b1-v1-polish;internal-francais-b1-a1-audio;internal-francais-b1-a1-audio2;internal-francais-b1-a1-content;internal-francais-b1-a1-content1;internal-francais-b1-a2-audio;internal-francais-b1-a2-content;internal-francais-b1-a2-content1;internal-francais-b1-daily;internal-francais-b1-daily1;internal-francais-b1-diagnostic;internal-francais-b1-diagnostic1;internal-francais-b1-integration-a1a2b1;internal-francais-b1-positioning;internal-francais-b1-product-integration;internal-francais-b1-review;internal-francais-b1-review1;internal-francais-b1-speaking;internal-francais-b1-speaking1;internal-francais-b1-v1-polish;main,5a9e7c6df579864fbd0236b5756afb2cc6c970ac79c2848ed0a22e8a6a4ba727,229213,m4a,57.296,lib/pedagogy/audio/manifest.ts,referenced,retained-in-recovery-only
public/audio/b1/expliquer-un-probleme-et-demander-une-solution.m4a,internal-francais-b1-analytics;internal-francais-b1-audio;internal-francais-b1-contenus;internal-francais-b1-conversion;internal-francais-b1-conversion 2;internal-francais-b1-integration;internal-francais-b1-lifecycle;internal-francais-b1-performance;internal-francais-b1-seo;internal-francais-b1-ux,66ea2622cb2a8a5bd81e43fd0c7f08ae8fcaef3d36a3e54b388bc063328a1e51,202682,m4a,48.194,lib/pedagogy/audio/manifest.ts,referenced,retained-in-recovery-only
public/audio/b1/hypothese-et-conseil.m4a,external-francais-b1-audio-humanisation;external-francais-b1-final-launch,5d9aa8cfe312c59e3ea0889c4afce9f335aaa8ba2a8ee0e2caa056b93faa4f9f,196694,m4a,47.599,lib/pedagogy/audio/manifest.ts,referenced,selected-final-launch
public/audio/b1/hypothese-et-conseil.m4a,internal-francais-b1-analytics;internal-francais-b1-contenus;internal-francais-b1-conversion;internal-francais-b1-integration;internal-francais-b1-lifecycle;internal-francais-b1-pedagogy-audit;internal-francais-b1-performance;internal-francais-b1-seo;internal-francais-b1-seo-editorial;internal-francais-b1-ux,e89204eea06f3201555ac9169af667ff21502d84b7bedd82fe95144a67ce8705,163337,m4a,38.307,lib/pedagogy/audio/manifest.ts,referenced,retained-in-recovery-only
public/audio/b1/hypothese-et-conseil.m4a,external-francais-b1-diagnostic-progress;external-francais-b1-launch-polish;external-francais-b1-positioning;external-francais-b1-release-candidate;external-francais-b1-v1-polish;internal-francais-b1-a1-audio;internal-francais-b1-a1-audio2;internal-francais-b1-a1-content;internal-francais-b1-a2-audio-recovered-backup;internal-francais-b1-a2-content;internal-francais-b1-a2-content1;internal-francais-b1-daily;internal-francais-b1-daily1;internal-francais-b1-diagnostic;internal-francais-b1-positioning;internal-francais-b1-product-integration;internal-francais-b1-review;internal-francais-b1-review1;internal-francais-b1-speaking;internal-francais-b1-speaking1;internal-francais-b1-v1-polish;main,fdce5a06a1cbe3f22b3f876ea0e6cc5c4eb939bd1c121b16fa33a6fd5cfecac1,212547,m4a,53.992,lib/pedagogy/audio/manifest.ts,referenced,retained-in-recovery-only
public/audio/b1/parler-de-ses-projets.m4a,internal-francais-b1-audio;internal-francais-b1-contenus;internal-francais-b1-conversion;internal-francais-b1-conversion 2;internal-francais-b1-lifecycle;internal-francais-b1-seo-editorial,2c953a125726375318a308fd3ee733695897a6458deebb1cecb7ed95f4391bef,147892,m4a,34.119,lib/pedagogy/audio/manifest.ts,referenced,retained-in-recovery-only
public/audio/b1/parler-de-ses-projets.m4a,external-francais-b1-audio-humanisation;external-francais-b1-final-launch,8f4ff271d58dd4454ff3cdba7994813eeebb2ca5411de598b13e39845f5fda8e,216728,m4a,37.695,lib/pedagogy/audio/manifest.ts,referenced,selected-final-launch
public/audio/b1/parler-de-ses-projets.m4a,external-francais-b1-diagnostic-progress;external-francais-b1-launch-polish;external-francais-b1-positioning;external-francais-b1-release-candidate;external-francais-b1-v1-polish;internal-francais-b1-a1-audio;internal-francais-b1-a1-content;internal-francais-b1-a2-audio;internal-francais-b1-a2-content1;internal-francais-b1-daily;internal-francais-b1-daily1;internal-francais-b1-diagnostic1;internal-francais-b1-integration-a1a2b1;internal-francais-b1-positioning;internal-francais-b1-product-integration;internal-francais-b1-review;internal-francais-b1-review1;internal-francais-b1-speaking;internal-francais-b1-speaking1;internal-francais-b1-v1-polish;main,eb2cc7144634a3dcf7b492b6a3a7a2ae05d3aa0670a70f35fb78ca3339554e1b,163975,m4a,40.067,lib/pedagogy/audio/manifest.ts,referenced,retained-in-recovery-only
public/audio/b1/parler-de-son-travail-et-projets.m4a,external-francais-b1-audio-humanisation;external-francais-b1-final-launch,9684e4007be931e316757fa1215bfd903ebf8c94c1fdc31fe1ae3a26c6e1ebd3,297199,m4a,51.599,lib/pedagogy/audio/manifest.ts,referenced,selected-final-launch
public/audio/b1/parler-de-son-travail-et-projets.m4a,external-francais-b1-diagnostic-progress;external-francais-b1-launch-polish;external-francais-b1-positioning;external-francais-b1-release-candidate;external-francais-b1-v1-polish;internal-francais-b1-a1-audio;internal-francais-b1-a1-audio2;internal-francais-b1-a1-content;internal-francais-b1-a1-content1;internal-francais-b1-a2-audio;internal-francais-b1-a2-audio-recovered-backup;internal-francais-b1-a2-content;internal-francais-b1-a2-content1;internal-francais-b1-daily;internal-francais-b1-daily1;internal-francais-b1-diagnostic;internal-francais-b1-diagnostic1;internal-francais-b1-integration-a1a2b1;internal-francais-b1-positioning;internal-francais-b1-product-integration;internal-francais-b1-review;internal-francais-b1-review1;internal-francais-b1-speaking;internal-francais-b1-speaking1;internal-francais-b1-v1-polish,a36723f5b7d6961679e0f9c9d8a2ce8a9c8a51c8615423d9293bbab9e66e07fb,227137,m4a,55.541,lib/pedagogy/audio/manifest.ts,referenced,retained-in-recovery-only
public/audio/b1/parler-de-son-travail-et-projets.m4a,internal-francais-b1-analytics;internal-francais-b1-audio;internal-francais-b1-contenus;internal-francais-b1-conversion 2;internal-francais-b1-lifecycle;internal-francais-b1-pedagogy-audit;internal-francais-b1-performance;internal-francais-b1-seo,e6492e87ba983eef84f4fd545ad9b3b49cc2c2e0fa890b8048d02aa1340f4af3,204276,m4a,48.546,lib/pedagogy/audio/manifest.ts,referenced,retained-in-recovery-only
public/audio/b1/parler-ecole-enfant.m4a,external-francais-b1-audio-humanisation;external-francais-b1-final-launch,59d171a5f6be2d51065a01169d30024bfe19158fb1fb21e9b4ed89eca3c56307,258697,m4a,46.680,lib/pedagogy/audio/manifest.ts,referenced,selected-final-launch
public/audio/b1/parler-ecole-enfant.m4a,external-francais-b1-diagnostic-progress;external-francais-b1-launch-polish;external-francais-b1-positioning;external-francais-b1-release-candidate;external-francais-b1-v1-polish;internal-francais-b1-a1-audio;internal-francais-b1-a1-audio2;internal-francais-b1-a1-content;internal-francais-b1-a1-content1;internal-francais-b1-a2-audio;internal-francais-b1-a2-audio-recovered-backup;internal-francais-b1-a2-content;internal-francais-b1-a2-content1;internal-francais-b1-daily;internal-francais-b1-daily1;internal-francais-b1-diagnostic;internal-francais-b1-diagnostic1;internal-francais-b1-integration-a1a2b1;internal-francais-b1-positioning;internal-francais-b1-product-integration;internal-francais-b1-review;internal-francais-b1-review1;internal-francais-b1-speaking;internal-francais-b1-speaking1;internal-francais-b1-v1-polish;main,65c3d043052a4bb3e215b77466bf9347263c5af90386a5e2f477788b4fb4887d,223944,m4a,54.518,lib/pedagogy/audio/manifest.ts,referenced,retained-in-recovery-only
public/audio/b1/parler-ecole-enfant.m4a,internal-francais-b1-analytics;internal-francais-b1-contenus;internal-francais-b1-conversion;internal-francais-b1-conversion 2;internal-francais-b1-lifecycle;internal-francais-b1-pedagogy-audit;internal-francais-b1-performance;internal-francais-b1-seo;internal-francais-b1-ux,d05703b59906482216a621a686a4f116f8c6051c8a16c493b283b83eb53758bf,187440,m4a,44.012,lib/pedagogy/audio/manifest.ts,referenced,retained-in-recovery-only
public/audio/b1/prendre-rendez-vous.m4a,external-francais-b1-diagnostic-progress;external-francais-b1-launch-polish;external-francais-b1-positioning;external-francais-b1-release-candidate;external-francais-b1-v1-polish;internal-francais-b1-a1-audio;internal-francais-b1-a1-audio2;internal-francais-b1-a1-content1;internal-francais-b1-a2-audio;internal-francais-b1-a2-audio-recovered-backup;internal-francais-b1-a2-content;internal-francais-b1-a2-content1;internal-francais-b1-daily1;internal-francais-b1-diagnostic;internal-francais-b1-positioning;internal-francais-b1-product-integration;internal-francais-b1-review;internal-francais-b1-review1;internal-francais-b1-speaking;internal-francais-b1-speaking1;internal-francais-b1-v1-polish;main,704578e295a664695d5e616efc67ed3ec8043027d745b51d589e67d7b47db1ff,130868,m4a,32.002,lib/pedagogy/audio/manifest.ts,referenced,retained-in-recovery-only
public/audio/b1/prendre-rendez-vous.m4a,external-francais-b1-audio-humanisation;external-francais-b1-final-launch,8275f1cae199e64da74e087b09b707c227923ad17ca5653658303646b8e9a6ea,160625,m4a,30.407,lib/pedagogy/audio/manifest.ts,referenced,selected-final-launch
public/audio/b1/prendre-rendez-vous.m4a,internal-francais-b1-analytics;internal-francais-b1-conversion;internal-francais-b1-conversion 2;internal-francais-b1-integration;internal-francais-b1-lifecycle;internal-francais-b1-pedagogy-audit;internal-francais-b1-performance;internal-francais-b1-seo;internal-francais-b1-seo-editorial;internal-francais-b1-ux,ed4294995b415bba11104a728f98265694e378ef8ffaada3e182524d7bcbe818,116370,m4a,26.564,lib/pedagogy/audio/manifest.ts,referenced,retained-in-recovery-only
public/audio/b1/raconter-un-evenement-passe.m4a,external-francais-b1-audio-humanisation;external-francais-b1-diagnostic-progress;external-francais-b1-final-launch;external-francais-b1-launch-polish;external-francais-b1-positioning;external-francais-b1-release-candidate;external-francais-b1-v1-polish;internal-francais-b1-a1-audio;internal-francais-b1-a2-audio;internal-francais-b1-a2-audio-recovered-backup;internal-francais-b1-a2-content;internal-francais-b1-daily;internal-francais-b1-daily1;internal-francais-b1-diagnostic1;internal-francais-b1-integration-a1a2b1;internal-francais-b1-positioning;internal-francais-b1-product-integration;internal-francais-b1-review;internal-francais-b1-speaking1;internal-francais-b1-v1-polish,0093e6b9728b88e032287bc1250c1113888718e617994e2c3cdc4087734ff99c,246434,m4a,60.531,lib/pedagogy/audio/manifest.ts,referenced,selected-final-launch
public/audio/b1/raconter-un-evenement-passe.m4a,internal-francais-b1-analytics;internal-francais-b1-conversion;internal-francais-b1-conversion 2;internal-francais-b1-integration;internal-francais-b1-lifecycle;internal-francais-b1-pedagogy-audit;internal-francais-b1-performance;internal-francais-b1-seo;internal-francais-b1-seo-editorial;internal-francais-b1-ux,d698d7b338015d2749c08e5dc81b6e067f9deff037123b56401ab7f1227998fe,228788,m4a,54.317,lib/pedagogy/audio/manifest.ts,referenced,retained-in-recovery-only
public/audio/b1/rapporter-les-paroles.m4a,external-francais-b1-diagnostic-progress;external-francais-b1-launch-polish;external-francais-b1-positioning;external-francais-b1-release-candidate;external-francais-b1-v1-polish;internal-francais-b1-a1-audio;internal-francais-b1-a1-audio2;internal-francais-b1-a1-content;internal-francais-b1-a2-audio;internal-francais-b1-a2-audio-recovered-backup;internal-francais-b1-a2-content;internal-francais-b1-a2-content1;internal-francais-b1-daily1;internal-francais-b1-diagnostic;internal-francais-b1-diagnostic1;internal-francais-b1-positioning;internal-francais-b1-product-integration;internal-francais-b1-review;internal-francais-b1-review1;internal-francais-b1-speaking;internal-francais-b1-speaking1;internal-francais-b1-v1-polish;main,4890937ec2c48fbabcd2efa17b2976b14c57b6373cc3dadceb8788dada69a415,84372,m4a,19.386,lib/pedagogy/audio/manifest.ts,referenced,retained-in-recovery-only
public/audio/b1/rapporter-les-paroles.m4a,internal-francais-b1-analytics;internal-francais-b1-conversion;internal-francais-b1-conversion 2;internal-francais-b1-integration;internal-francais-b1-pedagogy-audit;internal-francais-b1-seo;internal-francais-b1-seo-editorial;internal-francais-b1-ux,63007f9d65d43a85c6d252d068fa1ad82a467641ef3398c27e6df9e5c7607070,84846,m4a,19.537,lib/pedagogy/audio/manifest.ts,referenced,retained-in-recovery-only
public/audio/b1/rapporter-les-paroles.m4a,external-francais-b1-audio-humanisation;external-francais-b1-final-launch,f2b4dd94fe25be4edfb85fb17ed351d60d1683553da49e9282844d3fb2317eb2,150921,m4a,20.693,lib/pedagogy/audio/manifest.ts,referenced,selected-final-launch
public/audio/b1/utiliser-les-transports.m4a,internal-francais-b1-analytics;internal-francais-b1-integration;internal-francais-b1-lifecycle;internal-francais-b1-pedagogy-audit;internal-francais-b1-performance;internal-francais-b1-ux,1ae8ece34fce3d4262dbe2b7270987b93500d7e30f43f90392ec682cdeb6d3b5,77863,m4a,18.097,lib/pedagogy/audio/manifest.ts,referenced,retained-in-recovery-only
public/audio/b1/utiliser-les-transports.m4a,external-francais-b1-audio-humanisation;external-francais-b1-final-launch,69bf018e772e9da606752252534e141be554f677eea65588bf41bd231764fd37,142055,m4a,19.427,lib/pedagogy/audio/manifest.ts,referenced,selected-final-launch
public/audio/b1/utiliser-les-transports.m4a,external-francais-b1-diagnostic-progress;external-francais-b1-launch-polish;external-francais-b1-positioning;external-francais-b1-release-candidate;external-francais-b1-v1-polish;internal-francais-b1-a1-audio;internal-francais-b1-a1-audio2;internal-francais-b1-a1-content1;internal-francais-b1-a2-audio-recovered-backup;internal-francais-b1-a2-content1;internal-francais-b1-daily;internal-francais-b1-daily1;internal-francais-b1-diagnostic;internal-francais-b1-diagnostic1;internal-francais-b1-integration-a1a2b1;internal-francais-b1-positioning;internal-francais-b1-product-integration;internal-francais-b1-review;internal-francais-b1-speaking1;internal-francais-b1-v1-polish;main,9201d9538c64797eb81ee2fa1bce5f6a79f748ceaa6ea589320c260cd2e0ee14,77870,m4a,18.097,lib/pedagogy/audio/manifest.ts,referenced,retained-in-recovery-only
public/audio/demo/exam-b1-annonce.m4a,external-francais-b1-audio-humanisation;external-francais-b1-diagnostic-progress;external-francais-b1-final-launch;external-francais-b1-launch-polish;external-francais-b1-positioning;external-francais-b1-release-candidate;external-francais-b1-v1-polish;internal-francais-b1-a1-audio;internal-francais-b1-a1-audio2;internal-francais-b1-a1-content1;internal-francais-b1-a2-audio-recovered-backup;internal-francais-b1-a2-content1;internal-francais-b1-daily;internal-francais-b1-daily1;internal-francais-b1-integration-a1a2b1;internal-francais-b1-positioning;internal-francais-b1-product-integration;internal-francais-b1-speaking1;internal-francais-b1-v1-polish,7c086bfd0bde4e4fb4abb7d8a8c7d46c9843021209ceb46cdf4bd22ba8f3f74f,27068,m4a,5.513,lib/pedagogy/audio/manifest.ts,referenced,selected-final-launch
public/audio/demo/exam-b1-annonce.m4a,internal-francais-b1-audio;internal-francais-b1-conversion;internal-francais-b1-conversion 2;internal-francais-b1-integration;internal-francais-b1-lifecycle;internal-francais-b1-pedagogy-audit;internal-francais-b1-performance;internal-francais-b1-ux,be77d1842972efaf9d5be2d9b6563f968610f6e8caf1a65a423a397e68f4f07a,27068,m4a,5.513,lib/pedagogy/audio/manifest.ts,referenced,retained-in-recovery-only
public/audio/examens/blanc-1/co-dialogue-salon-lyon.m4a,internal-francais-b1-analytics;internal-francais-b1-conversion;internal-francais-b1-conversion 2;internal-francais-b1-integration;internal-francais-b1-lifecycle;internal-francais-b1-seo;internal-francais-b1-seo-editorial;internal-francais-b1-ux,53259d317ea9ce6f17af8cc4ea6952b467d3f0231c0d1c777b511bfd367df7cd,227453,m4a,54.153,lib/pedagogy/audio/manifest.ts,referenced,retained-in-recovery-only
public/audio/examens/blanc-1/co-dialogue-salon-lyon.m4a,external-francais-b1-audio-humanisation;external-francais-b1-diagnostic-progress;external-francais-b1-final-launch;external-francais-b1-launch-polish;external-francais-b1-positioning;external-francais-b1-release-candidate;external-francais-b1-v1-polish;internal-francais-b1-a1-audio;internal-francais-b1-a1-audio2;internal-francais-b1-a1-content1;internal-francais-b1-a2-audio;internal-francais-b1-a2-audio-recovered-backup;internal-francais-b1-a2-content;internal-francais-b1-a2-content1;internal-francais-b1-daily1;internal-francais-b1-diagnostic;internal-francais-b1-positioning;internal-francais-b1-product-integration;internal-francais-b1-review1;internal-francais-b1-speaking;internal-francais-b1-speaking1;internal-francais-b1-v1-polish,694c6969620e1821426abf6264e76fb6b7d104e27a8a0f0e9199d2aec6400741,255338,m4a,63.988,lib/pedagogy/audio/manifest.ts,referenced,selected-final-launch
public/audio/examens/blanc-1/co-message-camping.m4a,external-francais-b1-audio-humanisation;external-francais-b1-diagnostic-progress;external-francais-b1-final-launch;external-francais-b1-launch-polish;external-francais-b1-positioning;external-francais-b1-release-candidate;external-francais-b1-v1-polish;internal-francais-b1-a1-audio;internal-francais-b1-a2-audio;internal-francais-b1-a2-audio-recovered-backup;internal-francais-b1-a2-content1;internal-francais-b1-daily;internal-francais-b1-daily1;internal-francais-b1-diagnostic;internal-francais-b1-integration-a1a2b1;internal-francais-b1-positioning;internal-francais-b1-product-integration;internal-francais-b1-review1;internal-francais-b1-speaking1;internal-francais-b1-v1-polish;main,32675d9ed747ac9c72cd20b8f910923146cc027e3c7912a35f52ee4fde1a56dc,131642,m4a,30.135,lib/pedagogy/audio/manifest.ts,referenced,selected-final-launch
public/audio/examens/blanc-1/co-message-camping.m4a,internal-francais-b1-audio;internal-francais-b1-contenus;internal-francais-b1-conversion;internal-francais-b1-conversion 2;internal-francais-b1-integration;internal-francais-b1-lifecycle;internal-francais-b1-pedagogy-audit;internal-francais-b1-performance;internal-francais-b1-seo;internal-francais-b1-seo-editorial;internal-francais-b1-ux,6a8609422a7e422cc70f6f38a3399bb396c88e69912dff526470532b0334264a,131642,m4a,30.135,lib/pedagogy/audio/manifest.ts,referenced,retained-in-recovery-only
